left_shoulder_left_wrist,right_shoulder_right_wrist,left_hip_left_ankle,right_hip_right_ankle,left_hip_left_wrist,right_hip_right_wrist,left_shoulder_left_ankle,right_shoulder_right_ankle,left_hip_right_wrist,right_hip_left_wrist,left_elbow_right_elbow,left_knee_right_knee,left_wrist_right_wrist,left_ankle_right_ankle,left_hip_avg_left_wrist_left_ankle,right_hip_avg_right_wrist_right_ankle,pose
92.73268,86.3553,162.66754,186.3904,179.72633,200.0482,306.7942,333.77878,218.56818,167.00778,72.60463,31.298151,87.39227,48.943527,54.212223,62.63177,1
96.27168,120.11018,245.97449,247.73032,224.22852,217.56119,425.60016,431.49103,223.70604,227.05072,83.00789,32.651665,95.9922,25.91046,46.061134,61.10671,1
70.500984,61.06542,72.19047,72.50423,79.90194,64.01445,114.53607,104.84759,86.71312,114.38563,116.30755,69.194145,91.0378,77.31873,57.92591,50.39694,1
74.0752,63.25141,63.149536,66.30616,82.26642,59.859303,113.26249,106.1099,69.62729,118.796486,103.35204,60.03552,87.79536,69.54665,49.289547,39.40551,1
71.689865,76.59997,94.5046,87.69192,183.63605,164.22119,225.90945,214.85709,171.23642,178.72989,48.71792,13.396706,43.765213,20.727339,90.88609,93.03819,1
83.382164,82.84719,159.18456,135.84465,180.22229,164.83325,295.7868,263.57498,143.92346,206.68347,67.951355,42.01848,64.243675,5.1201177,60.41963,62.27166,1
97.641785,91.380844,220.32434,195.21597,182.33977,186.95006,374.96207,347.2762,193.65337,180.76106,49.645844,34.41261,51.682854,56.934673,55.380287,61.292892,1
80.64134,80.52957,241.60822,246.57016,212.2326,214.83145,398.7496,403.5079,231.39891,200.9496,58.815292,34.053795,75.002235,52.2367,66.312645,79.08058,1
62.48405,61.36045,140.47183,138.0219,95.40591,98.10958,232.3563,229.66632,103.08981,98.2396,54.74388,15.792307,53.398285,17.010101,31.175594,29.309704,1
63.20545,59.9433,84.725525,83.76545,65.61295,62.071754,144.53772,141.81042,67.29819,70.00341,48.912273,13.865185,47.638824,16.69578,21.663181,22.939737,1
85.18756,84.98066,130.2419,129.24751,126.87605,125.67106,235.7063,235.26135,130.16312,128.88947,52.801098,33.97792,47.885643,39.347134,36.480568,42.331833,1
76.94187,73.876305,102.970276,103.64881,87.83285,86.76004,182.33484,182.57285,90.54664,92.28007,49.01732,18.06357,53.514324,21.139185,35.330936,33.592915,1
76.970215,55.645794,76.35386,74.66992,89.700554,71.765656,113.969284,103.80505,89.96918,116.90122,110.31991,45.103687,94.06288,45.611324,60.36324,54.952732,1
77.57308,55.280773,74.14418,72.863846,89.0598,68.584915,113.97419,104.19441,86.17615,117.42725,112.13369,46.120792,94.19453,46.887474,57.91482,51.19051,1
77.30064,63.942142,75.128174,77.40404,83.636345,60.75832,119.192245,105.994965,76.87236,116.35791,110.180984,58.445198,85.190865,60.1385,59.07311,53.929245,1
78.313,65.31658,77.81002,84.37893,81.97981,63.592396,120.63738,110.56525,78.337364,113.5218,105.85475,61.452564,76.9114,65.72113,61.652798,58.86508,1
107.4566,84.80978,179.61751,184.6141,156.95993,125.43184,305.1887,295.31677,104.019775,191.42796,90.41942,47.74057,94.23478,49.193516,54.804024,55.769276,1
106.78401,85.55529,170.88411,175.98503,150.40866,127.57545,292.3281,286.4818,104.59947,185.843,85.52466,46.161488,88.69213,47.592995,54.2333,51.418655,1
109.52008,83.058556,176.42197,182.18968,155.87627,128.55646,302.65762,298.1267,107.74346,188.98686,85.79206,47.443996,90.43368,49.695934,54.331608,53.37791,1
49.625507,55.604015,70.96991,71.41719,88.89174,97.913574,85.58806,86.642784,101.92354,89.61996,36.201565,24.56226,38.65027,14.754841,63.581955,67.29991,1
51.58929,47.195705,70.532425,70.06616,99.77966,101.41173,118.42607,121.80445,108.751945,94.663994,25.960861,18.685213,20.443668,28.252195,15.504059,22.874279,1
60.26802,61.969296,151.29373,150.37234,140.11438,128.95848,253.00487,236.25221,134.49384,143.53197,58.18068,25.34945,81.68968,20.725157,60.13927,59.551952,1
101.28732,103.14813,185.12056,186.24908,181.3092,182.76808,322.20343,322.71457,188.30676,183.32742,58.278465,18.145578,73.214775,16.127657,74.22142,77.732124,1
103.36946,102.61272,195.01198,198.02951,184.94165,187.04367,337.34006,341.10715,195.16771,185.03973,68.85523,17.265186,77.004616,16.857765,74.757355,75.63398,1
82.2763,77.00482,120.779144,141.37257,176.76967,183.13504,231.07881,271.10504,185.40295,175.02214,28.096788,31.717932,12.034627,49.155857,94.91099,78.29046,1
70.76653,63.47909,65.560715,64.12845,74.59134,61.538445,108.26866,101.441444,84.29804,110.61552,112.4818,58.203354,91.46393,57.93628,46.997726,44.262436,1
66.26982,54.404217,61.830624,60.605984,76.44135,52.31689,106.96883,95.49038,76.75941,107.84263,110.78614,51.857986,91.743385,50.35223,41.778084,36.233166,1
69.285255,57.6153,67.59352,71.11915,80.58569,60.51167,108.952385,98.40885,94.47129,120.31115,130.43115,84.26522,106.46938,103.02296,49.37154,49.136307,1
37.51379,29.584381,45.003025,81.96286,26.376057,31.907784,89.31393,123.70715,32.84948,36.72039,30.280125,27.67275,29.72827,46.095554,20.085522,31.863333,1
36.710968,42.015053,69.92563,64.29511,37.179356,51.59988,118.99971,111.17056,46.6005,51.790337,30.184784,24.977522,31.360985,18.480928,29.346298,26.791712,1
63.17835,58.32781,114.118835,102.98771,89.13438,56.491676,135.996,112.19473,74.10364,106.06942,83.15343,29.704725,92.169,27.296844,85.844696,78.261566,1
50.973763,77.10654,65.984436,69.92462,47.315025,86.6301,92.51209,118.85884,102.624245,84.60661,108.86602,37.622547,104.84552,42.46822,42.983562,44.367683,1
48.630238,71.422714,58.5509,60.19088,47.583282,75.50015,90.78961,105.31451,83.263695,69.72413,81.26303,28.395014,69.68747,31.01707,35.796474,42.56096,1
39.75215,71.55012,60.032402,59.197857,35.183292,73.23015,92.80595,104.47856,81.37301,61.32462,84.46644,28.627403,81.71955,31.872513,35.4068,39.390728,1
40.948986,73.65327,61.28921,63.361065,39.501804,79.210655,92.77896,109.17494,90.304474,74.18772,101.26808,33.603043,96.02803,34.60806,38.836258,41.43232,1
76.43624,84.318565,184.97397,175.36497,136.98753,162.7195,292.5821,292.60184,201.74895,109.11785,94.581856,46.00301,80.69594,59.18203,61.58148,51.785015,1
88.140884,100.93601,174.78127,165.00545,138.39235,167.46327,292.16864,290.70886,195.38725,120.44871,76.81883,42.715935,72.444824,55.744564,57.700485,55.249043,1
89.31488,100.63593,164.66168,155.50952,134.35245,159.03235,271.92224,271.79373,186.69211,116.79039,75.62809,40.916725,68.68124,55.21263,56.95974,54.35192,1
48.501816,55.59802,67.187614,71.65731,77.19291,88.83832,81.45659,94.484215,112.79214,97.04654,106.85191,44.59426,85.04527,49.87109,58.913185,62.927147,1
69.0503,62.493874,62.625103,62.240314,64.48572,59.902077,94.2269,77.17144,74.43661,71.698814,66.34171,32.833595,59.869236,24.881548,51.25663,57.329033,1
61.536865,63.78351,62.43153,63.69945,39.733444,48.580853,93.146255,109.40382,94.48057,67.211945,109.83509,59.049763,80.593735,61.387577,36.08837,34.85509,1
30.424934,37.82186,67.71657,65.68232,13.942883,15.5234,105.93164,100.326485,24.60114,27.159294,47.3432,12.730069,34.108047,19.660667,27.649368,35.949303,1
87.455574,63.00536,170.88095,171.29755,93.111145,142.2203,261.39224,278.27527,148.03058,95.68348,50.46748,22.463133,86.33402,15.07771,96.61348,81.02058,1
32.121723,42.377735,28.653784,33.311447,76.432014,84.88688,77.94174,78.418434,84.30643,108.6464,73.714035,48.43837,80.27805,46.12719,25.57686,26.53044,1
40.073376,34.405876,44.35025,37.83751,86.19669,77.900085,95.49743,82.25353,70.632,105.61332,52.539616,34.184155,48.956696,23.42725,23.970797,21.817127,1
25.75174,33.75768,40.707306,42.810062,59.783527,81.575096,89.2265,91.672134,71.96519,79.05747,35.21057,35.46516,35.63062,33.5856,15.539103,19.56683,1
62.81602,67.739075,67.37387,65.68959,61.155807,55.01251,105.28098,120.08191,64.54085,65.34571,55.988285,34.986076,32.777756,28.613676,31.838608,34.963085,1
59.364365,64.51157,58.722904,58.34321,52.085133,47.583626,97.59746,112.02309,59.753498,57.868656,52.86857,35.907944,40.338497,28.61723,27.15888,28.636604,1
56.391487,61.067204,57.42445,54.424816,51.18282,46.934452,98.05337,105.99617,59.201427,54.83805,51.411148,29.45476,36.486576,28.817396,23.476189,26.691467,1
45.87902,48.56534,108.10826,105.157646,77.88464,90.72245,131.49838,135.31573,108.46949,78.88122,66.25402,26.792883,58.20597,33.270805,70.14014,64.767204,1
61.08115,68.17736,61.376297,66.16475,60.35386,63.242245,91.50405,110.94064,80.22663,76.9897,70.87617,34.409203,72.4009,33.34384,46.06247,39.16961,1
46.794228,65.531685,61.890423,63.29509,40.408875,57.105026,99.20952,105.13394,76.29951,56.00044,70.53992,33.56656,60.300697,35.090603,35.75849,40.352932,1
52.39729,65.79252,62.90814,64.7931,45.060513,59.03095,99.8549,106.78991,74.400604,66.28548,68.66699,46.417618,53.443993,47.297955,39.013348,42.82884,1
61.089478,67.34807,60.695793,55.418335,51.44251,64.70235,98.50999,100.79889,80.6083,56.637943,61.640747,40.128212,47.99667,54.07838,31.278318,34.851288,1
62.965252,74.06519,73.66853,76.07597,60.90593,83.3433,108.4718,125.82357,115.81989,71.85867,107.380325,53.70103,83.49442,37.541492,40.24319,41.784508,1
70.90379,65.59868,68.27034,67.08786,78.38589,64.9753,109.24902,101.40123,79.39338,106.286446,99.18297,58.988228,74.14853,69.15849,52.616566,46.243874,1
69.25553,78.3028,135.09126,145.08527,110.81311,89.550514,239.36606,236.73088,79.647995,148.02893,89.45344,57.79673,91.57164,55.304047,56.953407,59.671467,1
106.92277,112.5095,295.51788,299.42563,224.24669,234.21918,494.96704,500.4881,235.72073,230.53017,82.211174,19.899912,78.35615,24.835548,53.548187,53.18605,1
102.68614,95.52861,225.48624,217.89537,239.96507,221.67172,385.55237,378.00146,223.49515,243.06262,86.62512,38.797306,43.448696,31.312716,20.22477,22.934784,1
50.899513,59.672764,64.05849,60.806217,46.880108,55.72457,98.61993,103.94689,66.36169,52.900032,62.118553,35.50676,32.32681,36.385784,37.32958,39.757153,1
64.36838,69.204926,74.58119,75.124886,61.00666,70.21179,108.29602,118.06962,92.277824,66.572586,78.44525,41.816227,55.83302,54.165737,50.300526,53.72136,1
74.729355,88.06314,180.84494,140.57051,107.52489,163.51564,272.42007,255.33517,222.91924,84.470375,146.86844,83.02523,137.84012,112.64118,70.379234,55.44252,1
59.219078,71.56573,56.41029,57.02428,55.21788,68.19402,93.00891,104.85987,83.49721,59.246586,57.586086,32.72285,49.129887,34.806755,35.835453,35.56924,1
77.57339,64.16206,79.25173,89.38405,88.99273,72.06168,113.66369,111.321434,104.51533,127.14445,133.57344,102.897285,108.05816,139.46365,63.17432,62.53923,1
61.37624,65.245964,70.05091,69.91265,55.078094,58.13628,100.8237,115.08439,86.99099,77.62644,87.70497,36.655174,102.82412,33.03912,50.73362,28.820688,1
87.32327,78.982086,197.85913,200.80777,155.24838,150.22615,335.2846,336.56198,149.37505,157.78864,38.83764,34.823742,20.353476,47.71492,31.200048,31.192482,1
69.0844,60.577835,67.76897,61.629284,62.341785,56.32471,108.83532,100.35803,71.15227,82.72607,75.982864,38.929096,67.562706,48.36421,44.02814,40.14608,1
76.362045,80.447136,97.92716,129.79716,119.29732,118.759476,184.53027,214.41771,110.62154,138.15976,61.979435,54.479378,57.753784,74.5566,46.389004,54.55834,1
63.590317,66.09306,78.1946,100.97452,75.88459,73.608,112.93735,112.9869,102.61699,108.93632,119.44768,107.5347,90.54729,153.21153,55.799706,71.8116,1
82.711174,76.62069,91.57634,174.35338,126.94613,100.988525,190.11542,252.64638,88.05401,164.90051,100.88821,102.61263,89.96946,155.45932,52.32623,69.358604,1
85.66166,67.5875,92.110825,95.76154,116.2881,77.04827,163.58119,158.91805,72.81405,133.10753,69.87986,40.73453,74.570404,53.125164,57.873043,54.10822,1
60.840786,47.490704,72.86224,72.67762,93.20294,58.064762,122.802986,120.933914,61.74975,116.011955,71.68678,25.033096,91.39646,25.316986,37.970863,38.46638,1
95.117874,76.63921,129.64197,136.36955,160.00563,86.01404,255.70087,242.5579,76.95214,198.85448,126.10364,48.141235,138.75926,54.558388,59.248215,47.482227,1
84.85825,74.25633,180.06721,157.91606,145.83429,131.10742,285.6576,262.95822,115.81587,170.48708,75.44425,34.168694,79.28405,42.470104,64.1384,61.159985,1
45.055977,63.738728,79.33125,83.90659,64.13299,66.15973,123.92428,128.64195,75.27016,87.464035,80.516,35.779957,79.01122,38.967392,48.312866,48.29987,1
57.79783,51.649067,58.128963,54.97631,54.49656,52.824192,104.47958,90.1763,84.929565,78.42954,98.14039,37.8215,101.478424,41.85611,30.470085,37.590687,1
108.63535,114.233376,207.24841,208.81674,183.93785,182.85577,348.6168,348.11087,187.41129,188.31836,66.59704,20.121935,79.216965,13.13497,55.120255,58.87042,1
114.51982,113.632454,185.96199,191.24011,170.19427,166.48195,328.35233,340.58395,168.07967,171.91263,39.80082,31.895908,31.104603,37.85142,66.917786,57.824097,1
76.61811,64.42299,85.593864,84.54671,89.13948,83.05181,124.770546,124.792755,113.2072,114.92593,129.1508,53.690037,102.260506,49.68099,61.292053,60.155136,1
83.48973,93.74861,192.8885,187.46155,98.913055,170.113,314.97363,320.58395,205.39555,86.26092,108.25405,38.06846,137.29263,44.715546,69.739456,50.994217,1
60.053234,70.30076,74.33761,66.689224,56.128082,63.03344,101.21597,108.78145,85.90937,73.48677,80.844696,56.5177,66.372154,71.92217,53.215435,48.4641,1
81.86504,99.48185,151.60939,150.189,83.52642,134.32788,252.96849,248.63399,163.28778,78.17068,87.12422,34.440273,113.43414,38.98511,57.135372,52.48451,1
89.521484,65.93731,219.16763,220.19818,158.18996,149.84918,370.19504,381.11224,166.72728,146.91534,54.20662,14.75609,62.068985,17.644636,64.51627,52.404716,1
64.471344,79.16988,202.13768,167.88402,174.10793,199.24654,328.69046,303.55417,250.61523,134.85481,108.0224,67.84778,115.57386,96.99481,46.877327,46.62472,1
73.34431,91.32392,159.75378,135.39117,105.97085,177.2903,255.3037,262.59613,241.57504,76.519005,159.92639,79.39915,152.9734,101.33764,60.14762,61.332417,1
59.774334,67.987495,56.04305,96.83662,57.315945,73.80117,99.83925,117.699165,115.0453,88.455635,119.901794,98.56662,108.90266,133.36774,37.619835,74.776,1
56.813255,76.90374,91.39609,95.72976,67.04986,96.75121,140.0154,160.51025,120.94833,74.85704,95.163704,37.5442,85.21717,41.081768,43.15259,49.9604,1
39.30497,72.83177,165.30327,97.697334,61.901413,117.49811,200.202,156.91475,162.48654,62.52148,123.95744,95.14175,118.35749,136.17342,77.83994,41.856445,1
92.75417,89.41095,284.82416,236.48193,221.42804,238.40915,490.6118,448.31616,244.66116,224.53458,80.842354,60.34253,93.256065,70.3328,60.643856,47.245464,1
79.67596,68.46328,91.60174,93.8383,95.968636,63.19873,161.5716,151.14566,69.18706,120.4813,86.791336,33.126354,85.821495,42.41413,50.047157,47.523956,1
71.484505,73.33687,142.17592,131.0367,116.65651,115.39835,236.34781,219.57376,118.53292,127.87362,73.61014,14.031255,76.17681,15.4324875,54.539333,66.478226,1
64.68036,81.87611,115.413734,112.82374,92.25571,70.2919,173.66219,176.57838,66.533646,109.260765,66.38833,22.005869,67.35784,12.394304,70.72052,72.72345,1
78.21819,65.475746,66.38209,61.87787,76.60543,62.698265,110.645256,94.17418,77.54124,94.335754,82.46894,33.426712,72.31459,35.621082,51.115826,47.916924,1
66.72025,75.45096,72.68625,68.312195,61.784615,79.347015,102.39007,111.05355,124.69079,87.78669,125.000114,79.98755,97.59113,105.23705,45.613983,49.756603,1
65.5647,88.09259,187.47934,198.03227,103.01827,86.51163,254.23012,245.53537,102.529686,138.76501,120.871765,39.1604,133.15013,51.60202,82.76042,122.53561,1
46.33644,70.67122,93.83426,95.43606,75.824295,101.43213,135.2969,137.47585,118.06114,73.50531,61.870102,23.304047,65.787636,26.528038,48.925053,54.22441,1
92.98879,66.98131,78.76274,75.22517,119.68496,60.704075,148.27756,128.31555,79.52989,138.69012,102.26566,31.096352,128.29521,29.999376,56.840565,46.991554,1
80.42577,78.12304,134.87312,132.03609,78.44286,98.14595,233.31783,231.9189,102.6189,84.33639,59.668087,12.883056,56.612648,10.195267,45.09384,39.534107,1
78.148766,74.44037,166.3547,164.61026,104.41232,140.76497,255.10052,271.27542,187.15613,89.69676,118.94681,44.957474,125.08136,50.093414,75.542015,50.74053,1
81.35114,80.404915,114.438644,111.64443,99.08651,100.656815,197.85806,197.11766,105.482544,103.54244,55.846287,10.493554,64.68732,9.685092,37.87967,36.489487,1
42.575638,67.572235,63.680317,63.09905,45.864292,92.49744,95.41204,107.0603,106.49924,55.04889,70.55036,24.9851,84.244865,25.526644,40.61496,44.843826,1
70.50411,63.191013,85.338036,86.07742,110.45592,94.62824,144.27536,144.87077,89.251434,128.86633,59.268456,26.700005,60.240704,31.812891,58.340397,50.35136,1
94.85832,107.787476,170.66052,174.27878,149.61467,156.84274,287.9862,291.38345,159.99368,156.48901,85.26423,17.90062,80.86766,8.285782,48.242527,58.462875,1
97.89886,83.54616,213.73247,207.26888,74.407265,197.99553,339.25974,368.58087,251.57079,76.70828,177.57434,59.94848,214.95241,63.1065,88.947395,38.929348,1
97.829956,84.486786,163.59927,156.36253,63.653862,160.47786,248.32507,279.7813,219.99893,101.65941,185.63843,69.15636,223.41757,74.40849,85.871414,41.11541,1
59.63154,60.347958,97.604256,94.90735,104.63259,107.55676,153.64815,155.99634,94.157524,129.26746,58.838676,24.53287,56.824936,24.81488,49.899994,49.88848,1
66.76786,74.22835,66.04318,67.54962,52.61646,65.442726,105.1142,110.519714,105.72311,78.876045,112.69266,53.53998,92.192535,60.409046,41.81366,46.09434,1
100.57416,95.48638,149.03445,143.66147,157.83035,155.96863,258.70422,256.67883,156.65024,171.14111,77.50548,17.910925,117.878586,19.921907,66.34446,69.831795,1
88.70546,89.032326,164.54361,159.39882,122.13465,133.24028,260.83154,257.0138,162.5114,104.62677,81.30419,32.246906,69.93989,38.8195,63.975433,58.871006,1
91.620834,72.024254,122.95964,124.99863,123.853264,69.394585,208.77484,199.56839,62.499866,156.68547,94.96424,36.564495,111.3871,43.21937,57.583633,56.73513,1
99.04536,103.48011,153.33592,155.36893,141.27553,147.63506,263.80786,264.18344,149.67978,145.99467,50.8158,12.721196,55.133377,9.437762,54.622303,59.29259,1
85.35667,100.41302,120.365364,121.00966,100.93278,113.5895,209.26434,212.19464,132.21469,98.47037,72.672485,21.347858,77.45624,24.831398,46.704067,52.09463,1
67.82619,76.60844,73.869095,80.17968,55.89861,68.41293,113.72889,121.59357,109.53595,85.93954,122.16898,61.81951,92.605705,65.9935,48.81519,56.660427,1
58.45805,72.52355,73.01416,74.56177,61.796024,70.64316,107.394905,113.07055,88.594986,78.25615,82.587,42.49007,66.18462,41.839794,52.4479,55.798397,1
89.16015,79.06473,100.71475,102.51256,108.097015,81.84597,170.76398,157.78262,76.22976,129.96013,75.895874,36.38604,64.66908,36.216812,57.263237,55.481716,1
65.95042,77.69443,80.37939,83.89776,79.7334,93.564705,115.28281,123.646484,116.13803,76.78863,68.729195,31.703238,57.50121,40.586216,58.21129,66.120674,1
121.35037,113.016174,150.66176,149.47272,147.37492,139.56409,259.13068,260.64993,143.87161,154.73076,75.037094,17.152279,87.411,10.084054,56.279663,53.941635,1
59.64312,71.28721,65.9293,71.05744,64.29926,75.45734,99.66089,112.97513,96.55379,84.301254,94.96307,38.67666,82.97863,44.978947,48.158188,50.986286,1
70.65793,71.46701,84.12428,76.07966,72.01576,83.54205,114.915344,113.92964,103.990456,71.404785,65.1229,71.59558,50.29623,114.08971,54.57611,62.22628,1
56.24847,50.168896,53.609947,48.24708,47.714397,37.33881,96.6885,82.55719,57.52255,71.87784,81.6978,58.007496,56.689224,61.242344,32.250614,27.989655,1
70.72375,65.89384,85.41653,118.8578,93.96722,67.56691,157.38792,172.54825,57.608112,127.547905,84.452126,63.65876,75.023705,91.68237,41.76649,49.737972,1
72.39252,62.255005,155.35141,156.41034,128.95988,93.50443,248.81892,242.35692,80.2696,155.10524,80.77274,28.542572,91.07537,31.71981,50.22517,56.41913,1
89.104324,83.62143,124.37521,127.921844,120.882256,94.77844,212.70712,187.1002,88.015945,148.35283,86.69986,56.83659,77.87566,72.702065,55.699165,65.98379,1
88.77155,68.05123,101.11009,175.48875,146.54001,95.32275,191.28668,237.9517,86.70595,206.98956,148.00473,118.3567,142.5985,170.28166,70.38124,75.27827,1
69.55226,77.900734,97.41459,97.5447,130.25156,128.59035,167.22209,166.83939,133.95494,128.74678,35.78853,38.91113,35.887386,26.251652,79.59945,84.61372,1
76.50041,76.15964,77.338646,92.78722,86.24648,77.74213,137.97208,134.10812,75.02185,119.90014,88.0839,57.289436,71.88608,73.43209,48.473206,54.058697,1
62.021984,66.399734,68.05282,69.02781,58.097466,58.308807,100.36522,114.83584,86.30496,81.15109,86.920525,37.05631,105.08455,31.69137,50.07964,30.221922,1
70.96822,62.765747,90.48162,131.14088,100.26062,78.686516,165.4183,189.07591,58.78772,136.68475,84.244865,68.069336,66.133286,99.64083,41.249672,43.414654,1
63.77011,54.498672,142.12064,145.2539,104.58852,102.12612,218.3585,210.60153,116.77284,100.10323,49.15755,22.568155,49.092297,19.955622,60.46828,60.1481,1
55.509068,69.15291,85.434044,71.23193,65.49119,82.343925,120.839615,116.0362,104.96195,73.73399,81.01074,55.279102,66.957565,81.16201,51.880867,56.163715,1
67.180984,55.96429,59.413635,57.268856,77.49795,61.76789,104.77626,95.92481,73.94816,93.69282,83.61424,31.39651,68.61846,30.905743,41.309883,35.072666,1
60.9749,69.629845,74.06116,68.35966,71.430534,71.119835,101.653496,113.431625,111.609665,116.661064,130.62535,67.269325,132.34605,75.75523,57.798733,40.600395,1
75.03507,56.724556,84.34081,81.92502,108.98517,75.645615,148.93062,134.6422,76.72591,129.32373,79.58459,24.098621,86.40506,27.507242,43.672363,42.743843,1
68.65777,73.36694,63.331055,66.08736,55.073154,66.31513,100.62236,109.72828,96.47862,69.62947,85.820244,46.071354,72.39122,51.760414,40.493076,44.06496,1
105.35087,95.3116,217.8054,216.29167,130.31038,198.13623,379.56537,378.53497,229.93048,118.393486,107.98028,31.783447,145.0045,41.957687,72.83307,63.665024,1
106.37136,115.55833,295.53787,302.95215,254.22548,261.50055,510.15976,518.17847,266.51593,254.34593,61.382786,21.790024,63.677635,15.727222,57.350533,61.752037,1
68.23524,74.161224,65.55284,65.698364,55.243866,64.53477,104.533356,108.73274,99.934784,77.03432,103.65548,47.61831,84.34076,55.066635,43.75504,42.914505,1
57.796722,65.26537,79.263504,83.61149,60.684162,72.27681,122.459854,140.36723,100.32421,74.26756,94.467896,37.587494,83.50944,39.894436,41.136578,40.180283,1
70.10906,80.62143,123.76531,112.330894,87.667496,115.92217,191.7329,189.66681,148.26744,73.94948,84.323326,52.7987,76.94334,68.64882,49.79518,56.538654,1
107.47657,76.78939,102.56304,107.88567,130.53758,98.561264,192.07738,185.66331,84.936646,158.87917,78.88729,42.680183,82.86213,44.8169,55.180416,46.651974,1
78.76728,96.13115,112.18076,114.7142,100.14876,111.667435,198.92471,216.72351,126.2722,94.981514,56.083153,26.381157,47.534916,26.80435,37.286686,48.708664,1
171.61285,254.73788,468.43417,436.2388,142.72795,84.29721,750.59595,753.14374,78.3165,151.24484,7.946066,11.223905,72.088005,20.417002,182.6106,190.87271,1
106.37077,75.95126,98.96356,100.13253,123.35715,85.31802,181.64651,166.73605,79.88644,151.03207,90.69613,40.379574,95.91645,39.655827,54.31559,45.979206,1
53.830868,37.546856,73.03084,89.145294,46.391212,47.519665,142.10489,164.96834,56.34314,99.53509,100.768036,81.68137,76.47671,91.44788,22.526232,26.051657,1
53.92319,58.469097,238.47676,241.87737,121.29632,117.5752,374.57007,380.5767,120.647095,130.48985,88.38742,17.56184,88.78166,16.713598,77.41039,81.43333,0
62.3745,76.36126,303.82254,307.83783,142.65424,136.7502,477.8021,486.3815,140.64526,149.84232,87.00899,17.648653,93.10193,19.995647,95.31386,102.742165,0
37.123924,31.719534,60.91037,56.636444,46.21697,38.815105,102.499435,91.79934,83.39001,92.22679,112.01625,45.503582,117.34826,47.846058,18.361856,29.166384,0
43.143326,55.92525,345.7615,351.96368,226.03891,259.8341,586.49603,604.0053,268.80917,227.85843,107.405716,53.69493,136.26942,36.959717,66.42038,60.588993,0
99.72958,92.82305,268.21436,259.6372,157.0051,168.72769,462.21198,452.4171,178.7802,176.27428,139.99794,28.48025,142.8884,16.386255,61.469276,65.09865,0
69.0056,91.74796,29.433258,49.16138,145.06465,165.11575,130.93054,134.28079,177.37968,146.3524,89.44188,73.717384,91.64071,70.18072,65.86727,71.40919,0
50.800045,51.535336,58.42328,57.11357,62.40839,74.33868,100.28697,98.15755,115.6932,102.32169,123.16951,40.3535,163.29774,40.57452,33.659367,37.719986,0
57.825893,82.37964,142.63602,152.35902,51.134842,47.62035,226.62875,218.18314,70.375626,72.28205,78.10823,41.392925,92.95879,51.556953,60.34651,88.2429,0
58.9044,78.30722,205.22797,205.35176,74.235794,54.495647,314.64975,296.49997,69.071556,98.00916,82.29136,51.09925,102.75259,60.561943,77.22685,101.02876,0
53.985973,111.52616,171.8741,172.38753,104.88213,50.30667,293.91953,284.2502,79.09177,150.96603,126.40294,44.867485,168.6971,51.057934,49.47159,86.37555,0
57.23294,83.45174,161.737,176.55264,66.728874,58.072803,260.46027,268.138,77.7303,98.90012,93.97444,50.24027,108.085,60.528168,58.961174,86.546104,0
64.001785,93.59648,185.85323,198.54164,67.88545,52.579777,295.52866,283.9725,71.00729,99.55254,96.8851,51.850807,118.88626,64.74076,68.98898,107.49758,0
106.899826,54.706806,237.12328,234.61757,82.80152,77.46166,358.73523,349.24426,109.84775,81.528824,87.05665,36.537514,108.67588,48.659477,114.20963,84.30073,0
81.836655,83.934204,294.33362,293.09528,138.04425,130.62102,471.62808,467.66418,151.61037,134.7551,115.44737,20.627419,104.86756,19.272799,104.241684,102.353226,0
77.68686,90.176575,286.46677,285.2528,145.30359,127.19849,469.80536,460.3139,147.58989,141.54643,118.57239,26.464985,109.32086,25.644882,95.47074,103.745895,0
85.14929,100.86914,285.07422,282.5874,121.344444,103.63857,448.06876,441.87268,119.61808,121.806984,105.08016,17.939291,97.255196,14.84963,108.67093,113.34667,0
64.161896,53.146015,64.71193,62.5646,74.02703,77.165855,106.66216,103.68548,126.56263,122.25107,146.57108,52.572285,189.90173,53.529778,39.90047,40.025402,0
77.639885,66.388214,62.317947,59.6747,88.13859,92.15312,104.100525,100.26796,144.09879,139.0393,164.06151,55.100952,222.12431,57.97713,45.024014,47.066208,0
81.94542,68.93903,64.11273,61.75232,88.44292,96.88281,106.843506,102.59702,152.0501,141.9234,164.92657,59.023945,229.38773,62.3903,44.861324,49.922626,0
31.44167,48.081226,88.67667,88.94737,35.2676,34.344612,152.63455,148.86324,45.56057,53.97847,59.586098,32.08623,56.94448,31.679188,27.630264,38.574158,0
15.782647,38.836926,68.47241,75.839264,39.346573,33.61453,121.828094,132.7053,39.767994,50.19272,46.299904,26.40351,46.457165,22.580055,16.285444,27.90947,0
85.96358,90.32811,53.925068,55.32701,102.68424,110.739914,90.6734,98.83149,158.51822,150.28517,174.51416,48.320343,248.3797,53.60251,55.782845,47.882946,0
121.64544,99.02971,56.241837,57.63503,136.65823,123.79601,92.61129,102.39838,175.26279,188.36943,203.12277,51.88154,302.13806,56.301205,75.25278,52.811054,0
32.100006,86.28093,61.363148,65.83784,58.821854,98.03695,99.95352,108.34735,153.8775,111.8815,157.7636,54.239357,198.20607,61.180042,35.055096,45.7137,0
32.41811,23.166101,97.67539,97.78331,36.690296,43.907936,157.8722,156.3381,44.065796,49.981724,32.725437,33.055233,24.513197,22.9287,37.291527,34.477764,0
30.490757,33.89764,51.9874,51.39569,92.52333,93.33928,114.429535,108.718704,93.64779,120.564,91.031494,49.343616,105.69971,37.73436,36.90046,37.325237,0
44.622772,38.61564,85.99701,92.5546,130.00427,110.17189,188.54868,179.80911,126.303665,141.66344,86.16993,68.62593,108.642914,49.665154,30.996517,32.17556,0
98.94525,35.476925,138.01466,132.98341,66.22472,83.95423,193.00092,202.90276,134.59682,113.18621,136.27403,55.29811,178.97455,59.603897,92.28077,32.357876,0
92.57122,44.745384,144.51486,141.41756,55.46174,63.80685,205.25569,218.5471,116.521904,100.11965,127.74274,57.858517,142.73311,62.433388,87.18388,44.548096,0
54.831226,47.0337,65.78255,69.88502,79.68557,42.39957,107.926476,115.08088,75.08558,118.75509,102.991295,33.035004,140.81439,43.752705,39.254257,31.943432,0
74.530045,71.45091,73.29306,72.337006,96.23314,72.77404,116.34306,115.7612,117.4087,141.24127,138.01192,28.289816,204.25937,33.473583,43.67911,43.556786,0
45.05,100.68459,105.128815,153.86331,70.86953,63.699085,176.94533,212.91905,105.29895,110.958046,116.98897,69.84029,157.62105,105.43174,37.63388,100.970474,0
61.87161,53.179276,59.030136,56.81258,88.88046,55.531067,92.21651,97.39731,100.23439,133.64459,128.01819,65.586845,163.68683,79.39085,52.13063,29.89548,0
103.71975,68.476555,159.45053,163.42996,45.10419,108.91698,287.59686,289.57358,153.60574,59.51931,119.20788,35.432953,154.11626,41.65004,68.941124,53.95825,0
114.095276,117.567184,328.86243,328.06027,150.94972,90.66773,532.1973,520.20886,93.81159,159.08086,90.55444,30.955246,79.592545,17.99627,95.74364,119.51541,0
68.88535,61.870834,67.52606,62.086006,85.09182,88.34106,107.63391,104.33526,136.10803,133.87732,153.27641,57.584335,199.10631,61.9978,44.980022,42.53897,0
33.615936,41.164608,53.45328,57.43225,48.29474,52.372536,91.5581,98.22697,91.422165,85.35888,103.83461,45.821003,115.92524,48.530346,28.77551,22.707893,0
105.3128,47.21172,190.96942,152.67653,50.20167,105.73993,268.42578,256.59344,158.20683,98.84327,148.30121,79.88578,194.10332,100.91641,111.1328,29.303015,0
57.517246,34.700706,67.52843,63.09278,65.819855,56.702908,108.767395,104.267555,103.03889,112.948425,126.68728,47.51747,152.51807,49.600582,34.354725,32.503822,0
39.9131,66.04825,57.243828,60.328846,59.715168,77.44252,97.68935,102.046196,125.110985,104.838806,136.50285,40.339687,172.07014,44.255207,31.09373,36.93417,0
55.16237,63.211094,75.49583,74.70638,82.59282,41.660843,136.92091,130.03252,56.507095,102.03023,93.81137,22.037575,101.072876,23.200546,33.865723,41.21423,0
79.559944,86.15018,127.67078,198.29823,73.126595,42.314472,215.91614,286.47302,63.186657,93.777336,100.64637,86.1055,93.36587,136.81627,60.632366,100.842514,0
89.08658,44.782635,61.344063,55.92421,95.47384,65.4371,94.77074,98.26761,100.66689,131.22794,120.39574,53.760807,178.58678,75.61257,63.79501,29.337831,0
76.27705,63.29554,79.59267,69.11166,84.0712,92.78673,117.07364,95.6956,150.73553,141.45392,166.1726,103.04816,219.04813,141.677,59.267086,65.29079,0
43.74009,73.43907,93.97757,94.70135,51.398098,56.294514,155.57454,143.48685,89.18371,85.15326,96.5383,39.636543,109.752815,44.44765,37.62211,60.83129,0
68.29295,51.6352,161.95593,155.46146,41.17217,53.43561,240.40234,235.59795,71.4459,55.739906,59.617073,42.423954,74.58054,51.62978,79.58617,64.73069,0
54.651627,121.95899,217.91801,220.87296,77.81622,61.615517,328.95547,328.25714,90.2218,114.64029,110.24701,59.559837,136.93852,77.540085,79.14806,119.99569,0
48.909508,100.171455,143.52936,151.14484,87.41006,46.50805,238.24942,233.13042,88.31846,132.72414,129.7944,47.926544,156.66045,57.841946,38.725796,85.121605,0
65.16412,71.40593,161.91614,196.9406,60.3458,32.915657,247.60278,277.10022,38.388435,69.2862,62.083748,53.697525,46.089035,71.35879,75.203384,96.213875,0
72.09324,41.58096,62.119503,63.421204,66.12133,68.85173,105.85804,112.182846,102.16442,96.031624,104.95939,35.804134,150.44806,33.462658,45.309906,18.300232,0
61.556965,63.67226,62.556633,72.801735,87.874466,63.84459,98.92333,114.66414,109.91195,134.03911,133.60779,62.681778,186.98338,90.78717,52.936005,47.286087,0
22.628567,45.480034,32.100002,45.432228,74.86272,35.316055,81.85362,82.383896,60.05375,97.242134,78.338646,60.369667,102.35008,58.145496,24.672441,33.0164,0
53.011784,161.39975,298.97806,316.68158,188.86574,80.09491,494.17255,495.65347,103.70863,252.54749,189.66307,85.32372,238.60649,100.62283,64.98913,148.70946,0
68.9859,49.97602,127.87822,100.40053,47.335392,80.41314,177.99162,177.79205,130.22516,94.90858,137.56868,76.74632,153.99026,93.3372,73.81535,25.089788,0
46.437893,37.89126,60.021744,60.67767,44.85643,46.036118,100.62622,106.49192,63.964287,65.535324,65.35769,28.031002,72.015724,28.674051,35.824074,22.918545,0
22.919046,32.273396,63.784794,63.330666,47.279934,32.157253,107.99327,104.83242,35.52346,53.980907,39.64091,8.872195,39.696457,7.269312,29.087639,32.780476,0
57.6602,79.02576,93.46447,91.519295,58.221153,55.068676,167.89893,159.35924,78.83966,84.15131,85.50312,30.727224,96.90173,35.147343,35.11963,52.24203,0
70.97682,63.508823,132.59381,139.73172,51.390903,28.124163,210.38554,203.0968,39.606525,51.563114,51.257385,13.125233,40.160217,9.928246,66.30514,72.069305,0
92.662346,88.579285,82.4366,101.6592,120.73736,91.76403,130.0644,121.127655,141.78381,173.08293,174.29514,62.7756,255.43127,81.45864,28.019512,90.66057,0
104.14547,63.547115,202.19649,204.58891,76.87942,85.558586,302.75595,307.6167,118.632256,94.645744,109.40511,34.117954,125.04569,38.236324,105.659386,80.01765,0
29.011776,55.581646,63.422787,56.54088,56.600758,66.336235,105.634926,94.16135,93.81681,85.30046,94.922295,26.709139,125.60175,26.92267,8.748331,41.04429,0
80.20729,79.77197,64.174324,61.47215,87.07254,106.87832,105.660286,101.247055,152.68172,132.32605,163.33144,46.43622,227.90492,50.300255,44.403194,52.70963,0
26.543207,40.830967,62.4285,65.038185,39.12766,47.560135,102.00002,106.146164,99.487495,90.33217,114.82957,54.53134,124.92507,57.789333,30.183233,29.104969,0
90.00869,46.13396,186.94469,190.06743,46.139114,81.944916,269.03174,273.82092,107.38649,66.39593,96.16225,25.360916,120.19644,27.46296,100.29367,70.80097,0
51.560352,56.076412,193.14647,194.89325,69.08984,62.297577,289.05817,286.11774,63.559765,82.80447,74.322655,19.653316,69.090866,18.617756,76.571045,82.04035,0
74.379395,29.683023,106.51875,75.83741,61.864723,46.28664,147.12254,130.13528,78.286705,94.86394,87.94569,63.156403,119.31325,88.6787,74.46616,23.60646,0
40.383354,48.938934,135.42015,135.90994,56.705956,62.606068,203.63353,204.40904,68.68697,67.29612,76.82836,14.556314,66.4097,11.431556,57.570137,63.54685,0
45.48379,70.00739,78.70539,105.5777,32.304688,59.86009,135.63574,143.82047,94.83302,60.23008,93.76603,61.129284,91.160225,84.569275,33.538246,72.58793,0
64.45085,92.25797,82.23971,88.90445,64.706566,57.430187,144.6383,160.9538,51.104683,66.458176,21.508757,39.109814,20.765453,14.162713,38.204952,53.78355,0
31.213703,38.913006,65.918465,63.51519,36.2259,37.20416,98.19085,103.93781,41.770813,61.669567,62.831585,39.879486,37.063007,49.23923,37.515446,33.298054,0
43.104576,80.51949,120.58926,120.10218,66.708755,47.03932,180.76697,181.78058,75.23239,92.758095,98.08177,30.427628,110.298996,37.5225,48.116627,72.182236,0
72.870636,56.489105,100.90943,107.0763,108.86373,46.31815,198.3557,201.9982,58.05368,110.75464,66.913445,20.99645,80.21451,18.025019,36.91515,34.648426,0
95.14924,88.60441,182.03542,154.10548,95.90885,107.13859,291.7259,270.47012,106.78568,98.5918,26.124483,29.784128,28.004726,37.133682,95.12106,80.27865,0
51.889282,40.07989,79.35966,70.24468,46.296787,37.551872,123.51231,120.50895,67.50994,71.55737,77.957375,47.862072,77.9005,59.651367,41.138546,20.412651,0
95.0197,51.091015,148.45102,100.280334,62.792236,61.708893,213.32558,177.52597,104.05754,106.34771,121.57295,77.31763,131.15024,113.83549,89.4837,35.084045,0
108.762764,92.42902,61.800785,59.889626,133.5097,101.44048,93.56811,102.044914,153.70703,185.19432,181.95078,57.786903,277.31204,73.46875,79.327095,46.308964,0
60.69031,46.43906,60.88416,57.000465,67.777374,67.40142,101.3011,98.09701,106.03348,106.29863,118.841194,38.24683,161.6979,40.8961,34.907772,33.405758,0
41.52443,54.71702,89.50721,90.47567,32.096558,27.334797,142.40839,141.84367,49.013363,54.94035,63.172047,22.700388,61.307953,27.599756,40.089127,49.719196,0
24.397745,64.196556,57.628822,56.006767,51.30775,73.32254,101.8952,94.90773,118.89384,95.86876,127.09822,52.661934,147.59914,52.870224,16.187263,40.35827,0
35.485516,46.61107,61.689564,62.983395,36.23163,49.271477,105.8693,98.83578,88.28289,53.81612,86.19547,44.773224,80.36377,58.079006,19.304932,40.349453,0
94.03199,100.431335,70.87822,68.75709,124.02802,102.30258,99.61326,110.05867,148.29288,168.66826,172.5513,69.44737,261.55615,97.2533,80.65157,60.251904,0
26.810268,36.31286,64.76413,65.51682,37.526905,45.771816,106.26417,108.54379,91.97152,83.30156,116.14083,53.40923,102.194305,55.94993,25.06924,24.494848,0
55.269066,71.467476,64.00994,68.07591,80.50804,75.384125,93.47963,108.14355,128.5967,135.1889,148.23741,75.54715,200.26447,108.07007,55.85115,47.009834,0
62.215374,87.08384,90.851456,168.09583,54.430767,77.235916,158.75339,232.41743,93.84347,74.83977,80.37372,93.65573,70.33744,144.8673,44.56553,98.47426,0
51.647568,96.07574,74.96182,185.79031,49.10578,84.79422,141.03938,255.16605,105.86918,82.80031,97.77577,126.137794,97.44914,207.20229,26.293388,106.988716,0
56.488956,125.78691,112.110535,119.06909,100.19706,60.351234,212.9399,198.62175,109.062614,138.73259,141.74657,49.74552,186.5137,55.91967,31.070927,81.77842,0
52.083744,29.910793,56.835052,56.065487,48.121677,50.75306,94.89364,101.609184,69.426285,70.2893,80.099014,24.254963,106.91957,27.501402,39.511135,18.708618,0
32.761356,55.436237,69.441826,69.345085,59.839783,88.62272,110.56459,116.8061,78.74027,78.90632,53.537533,27.486156,44.64848,29.39855,43.63168,41.72551,0
98.28475,128.57002,283.5942,277.04153,145.32341,60.05434,467.62265,436.4282,51.78374,178.83536,115.995346,37.195686,142.5077,26.294983,94.180374,124.25906,0
121.86448,78.227646,184.51152,176.00133,61.952003,111.164856,308.06448,310.14972,143.33983,82.1425,111.53375,48.687023,148.82957,43.161377,94.5843,55.079365,0
29.155886,37.505295,103.65963,104.22312,59.02461,58.52857,168.97704,173.82306,64.944626,68.194885,74.15637,8.808312,66.696846,7.975002,35.166237,36.919518,0
64.51674,53.96553,90.04425,94.330795,55.48018,39.248844,134.30807,149.60994,53.446632,74.62539,65.67924,25.494175,60.379715,25.524132,59.14128,49.22585,0
204.59018,167.57405,516.09827,523.0495,127.95299,182.97928,839.28735,849.3628,205.19121,138.97462,147.29706,41.24206,151.26256,41.97128,199.72867,176.57442,0
109.2106,59.505257,130.51567,139.18619,50.85817,68.1242,227.20062,243.53935,108.94023,89.922516,112.8191,38.62011,140.46178,41.118835,72.62462,48.070736,0
36.7996,53.71491,70.54215,69.00713,57.679726,39.551846,121.96352,116.36067,57.12127,69.88609,59.702015,23.17836,70.83815,28.290792,28.562185,39.86189,0
77.2308,41.845013,74.78589,73.18005,62.201435,68.62262,116.568634,127.009384,108.98645,102.73779,122.462234,43.617683,159.06882,49.57899,57.269634,20.737864,0
101.13673,63.437992,228.22662,225.1368,90.52136,109.52245,376.89948,377.86075,117.18301,92.76725,78.82051,42.828053,83.64217,39.262398,91.37068,72.97452,0
42.462223,74.21739,71.379524,114.69755,50.888172,44.683216,134.95197,177.79965,76.83365,84.04559,92.168015,75.880295,98.22002,113.36576,32.501064,65.12616,0
97.04234,65.36324,131.05524,133.41011,66.04233,92.502464,235.30544,247.04988,118.104225,75.47392,84.33956,28.45116,122.226944,25.299706,71.052284,39.686775,0
68.719124,60.666428,80.608894,99.38129,37.323208,53.82434,134.90114,129.90192,112.54276,54.07449,117.07357,78.729385,88.610115,96.47829,40.8957,66.11722,0
22.870922,58.597187,63.057743,67.012695,35.098602,68.159195,101.95933,109.4839,120.45776,80.95701,120.64933,50.56944,137.13187,57.14258,25.773485,34.94541,0
23.2941,36.539658,75.62764,63.656643,28.732327,35.582428,108.108116,108.69327,54.988823,59.397785,72.32579,56.92791,51.36371,74.25589,36.48621,26.617811,0
