right_elbow_right_shoulder_right_hip,left_elbow_left_shoulder_left_hip,right_knee_mid_hip_left_knee,right_hip_right_knee_right_ankle,left_hip_left_knee_left_ankle,right_wrist_right_elbow_right_shoulder,left_wrist_left_elbow_left_shoulder
14.021936,8.209483,23.214682,129.22336,116.20367,138.05977,141.5734
67.07733,75.85711,6.3350124,33.74173,33.625263,149.02754,155.0184
74.106384,75.37815,6.424525,29.7618,29.70714,150.3709,150.90872
60.998238,68.25978,7.821822,51.646946,49.7939,139.17223,146.2462
28.63187,20.923723,13.974963,133.0697,134.82716,122.64021,105.69105
27.859589,11.3365555,11.877153,95.64253,96.21536,120.18893,108.007454
10.567528,14.932956,13.324707,146.00359,150.6523,114.79177,114.03149
10.874949,11.197131,13.995552,122.1597,124.19364,110.021736,99.134
10.369747,7.097723,21.346342,115.9387,99.74121,135.73085,123.661606
10.679246,6.265778,15.623335,119.16371,110.973946,136.38324,124.4137
11.748518,8.358135,21.4159,112.387856,100.01013,133.03278,122.10247
8.7869215,7.7890725,15.278999,122.23669,115.96222,125.54989,122.060844
13.53383,6.9897447,24.014631,111.62448,92.01698,136.5408,120.37158
8.812914,7.46159,18.012617,119.69124,114.15615,133.62923,122.0136
9.308156,7.9284625,40.9272,124.58425,91.836174,138.53923,126.40105
10.022361,7.142778,15.405642,123.48853,119.15522,131.93353,121.12701
11.339349,11.458008,11.715621,136.06544,132.26813,127.04888,121.64637
20.700283,25.43998,13.544634,118.019,114.86001,121.2667,122.09457
17.912016,21.43154,15.8534775,117.33479,116.3614,121.102516,124.03445
23.200378,23.909359,22.286299,109.994644,111.206375,125.787285,126.71265
21.558239,19.653414,43.091595,97.241196,119.82621,125.72139,127.36095
22.582798,16.326687,10.143967,122.86026,113.65458,127.16758,125.653946
13.504094,7.4290853,13.189126,126.16326,119.14525,124.22539,115.606606
14.007555,11.473495,11.603978,127.09833,118.75104,119.28456,102.47527
14.995389,5.0048814,12.015034,122.87882,122.10908,126.566,114.29837
16.590929,5.708078,11.493648,123.65395,117.643394,127.23426,117.1694
16.61022,4.8225985,11.4498625,119.03691,113.06116,126.84257,118.25536
21.925844,17.883715,11.625091,115.16384,110.56914,125.43683,120.0389
21.50199,15.521531,11.339626,124.12175,119.98228,127.45544,125.633255
17.633993,13.197815,14.556055,124.17376,115.84038,126.51033,124.28138
12.182667,9.656083,13.192052,121.727615,114.53891,121.584206,104.31029
34.6022,39.907455,17.820118,130.08667,131.54633,96.867775,85.80907
40.08418,43.784275,17.916037,131.84044,135.12788,99.23663,90.54609
36.064327,39.239445,13.976977,134.1009,134.6324,98.239136,90.747604
36.712498,37.351067,13.728474,134.73277,134.56683,95.16646,90.541374
36.73955,44.894787,15.495567,130.32066,129.26204,92.91648,85.5931
63.847935,68.985634,32.145462,101.50841,102.05061,118.81031,124.7951
66.97588,67.8168,39.829678,123.64473,121.81249,121.0967,126.44298
57.735527,69.04611,31.11119,132.21785,136.19873,118.27824,126.379776
75.33701,72.67972,33.61035,119.41029,115.27149,126.450386,126.87795
22.120842,18.047136,10.910883,124.91014,118.39501,106.76047,100.985214
52.25824,45.72801,14.647129,136.67084,129.04202,145.39255,142.87982
58.250134,50.68805,16.244411,144.2382,135.50656,141.67926,139.85757
62.629295,59.817635,14.926702,142.88443,133.25134,146.22862,151.17462
18.440098,11.507203,19.133572,137.15633,136.66438,125.37714,131.37378
26.279058,35.168297,24.274452,125.16361,135.28932,127.17648,142.0368
21.451103,18.659285,21.608881,150.36719,140.78134,125.09289,136.21391
13.85005,40.536987,56.09059,152.98647,152.54616,129.96027,152.60533
32.89987,54.644596,57.319176,144.96193,148.3463,128.02295,159.61714
13.604412,15.908691,10.944171,116.36789,112.67381,121.977264,113.98097
8.367436,11.320397,8.154729,130.0205,121.668365,124.473755,116.733406
8.519999,9.254868,10.030778,112.22826,106.719086,129.3744,125.79915
17.021814,10.729047,19.608282,104.64177,108.335365,131.74854,128.76382
25.031311,27.004787,18.676432,143.72339,136.74792,122.75967,134.00945
10.564449,15.139326,11.803803,128.12415,128.82013,115.19486,107.64392
12.30449,36.67656,11.871582,126.05894,118.52652,111.16851,102.9345
10.048809,15.661331,29.969116,126.21186,125.25769,131.46173,99.49513
23.198387,43.489674,13.7573395,126.18377,119.21754,120.99581,134.69876
12.284123,17.026983,16.00649,133.68808,130.32988,108.7732,109.52636
115.34279,109.770134,13.002819,139.63144,137.33482,116.50394,124.41378
24.090912,22.616545,30.35087,127.25535,127.948105,82.86248,68.85102
6.465163,26.436306,64.62792,67.10663,113.12828,113.34603,141.03082
34.71889,48.72629,44.63958,76.01543,100.742,135.72202,156.37564
20.515186,22.774704,12.750393,127.84465,124.97833,125.52994,118.25726
59.789013,18.093155,21.06434,160.89409,136.24454,136.04962,94.81228
27.484503,22.536345,27.068504,168.03432,175.16327,164.54327,168.23814
18.97528,6.6127033,31.44335,174.49353,171.10092,162.44713,166.42766
14.017413,10.519603,17.828548,119.868324,117.3365,121.27785,117.55649
11.7686405,8.741134,17.52062,116.92805,113.92456,124.76082,118.72138
15.924889,10.4398575,15.556287,120.78405,117.25774,125.56163,113.75093
11.577715,10.28647,18.231272,119.11445,116.13077,120.31896,119.576256
10.751247,10.174242,17.789322,128.10388,126.618034,128.28268,117.34017
46.312706,61.438457,23.75607,137.53854,126.64868,117.297844,122.27108
14.854961,28.945047,25.241074,156.90787,157.14383,108.993706,120.11795
13.622842,11.474719,15.698088,142.08177,140.38971,118.04309,112.12152
10.801062,15.084274,11.075442,135.6338,122.46945,34.132294,79.028984
43.099995,48.533928,9.023135,114.724014,105.08652,120.054886,111.9289
53.33796,41.785038,11.553134,112.54486,98.40705,108.90849,104.088585
118.50736,89.35256,68.00269,159.41751,161.1815,163.84956,164.22975
103.196495,91.308784,70.33059,164.60013,161.70323,105.78169,128.10257
100.18633,68.294334,59.51369,156.41815,157.09467,149.48131,138.46358
93.512886,70.5282,58.716988,158.1973,156.96556,155.48207,163.28645
14.747532,24.205753,25.031935,174.12885,174.48106,176.39978,151.39764
19.826801,8.518236,41.06723,175.52072,177.26826,172.01907,157.4255
34.49767,27.73724,40.46845,129.726,123.54823,126.38728,128.27252
15.80045,23.384577,38.61818,173.24991,173.66904,159.80553,167.85165
11.574684,18.780046,21.497074,133.27559,124.625656,112.35725,127.6293
30.419125,33.33348,28.052635,91.60105,98.098045,124.729164,134.01912
14.6174345,16.443758,37.563835,53.08613,43.674133,120.18311,113.53975
7.354632,6.4811287,10.153188,99.71569,92.21475,138.15579,133.74876
12.050115,38.334908,25.292553,101.85408,90.69393,165.67345,137.72807
60.28261,75.70986,72.38901,156.10814,147.11562,124.334465,93.99219
51.541454,64.52998,77.20992,148.12212,128.13335,117.6712,94.60895
54.42525,70.45054,68.59259,145.32312,131.39122,117.35384,84.19196
58.89867,67.92073,70.06648,144.47473,132.02805,120.79903,83.96688
53.479862,59.119987,76.42056,146.72972,128.0085,120.235725,80.59174
66.86959,80.3433,82.0808,158.71088,139.52632,122.997665,93.75859
49.45531,73.79179,62.828342,157.54631,156.49493,111.905426,100.092735
36.822456,41.6321,18.200031,133.72664,129.57971,110.82634,106.67122
62.89788,57.926476,13.256344,135.96867,127.08977,120.17244,120.30241
54.19224,51.73095,15.674958,141.70042,131.3464,118.18989,114.91457
43.62137,46.97719,21.03394,132.01108,131.26616,116.76284,110.84153
41.576412,42.381123,14.895195,126.58562,119.55474,112.25648,106.08537
15.577257,40.626514,64.41746,104.26873,77.234146,101.12087,39.118042
23.993898,35.605824,63.134396,109.88674,91.450264,105.18932,43.06938
30.812147,22.86881,12.340871,135.59041,124.9411,134.72462,128.75905
10.963026,7.1175394,18.652142,144.36787,138.2656,130.94228,133.50171
22.272429,19.259584,13.589438,127.22859,132.2971,122.60519,116.701965
20.718687,9.97348,39.84615,110.34983,108.06914,110.35009,152.10513
10.864877,9.498068,10.865999,134.56007,136.37817,131.60674,120.032524
10.70618,10.946765,14.283144,137.03647,135.13625,125.32494,117.8485
7.4152822,18.61666,12.203433,131.36325,130.76741,101.97818,104.24188
6.4471064,12.283906,24.776045,170.12698,172.89514,142.7767,171.25314
10.241957,8.496269,13.6277685,112.10189,112.929504,116.990555,114.25376
23.71532,13.886036,21.519405,129.18132,120.6858,140.6144,121.53743
8.760803,8.083383,20.86137,134.94891,122.80082,119.57454,117.02165
12.986843,9.023451,11.562467,108.24828,97.97799,126.98286,120.60473
9.652279,8.297419,27.911325,130.40721,121.98456,114.91735,118.36263
39.01774,6.411526,27.198133,149.52075,143.61737,127.3325,120.78408
7.8789907,6.6390986,19.204222,109.80661,114.20132,123.21358,115.18471
10.514681,8.621086,14.284649,125.835976,138.02231,126.95426,125.686966
21.374968,15.676547,23.223812,143.0867,131.6252,125.59324,128.97084
14.465595,18.683994,28.445524,100.73289,86.9879,93.206764,84.22865
42.726456,35.416565,66.43591,152.08539,147.30104,142.21451,77.20294
19.664213,14.836518,64.570244,124.183075,65.65387,140.06654,135.71614
37.75706,8.342476,41.966984,137.03847,139.01173,156.57503,110.7941
14.400063,13.599135,12.093356,112.325264,108.98685,137.194,126.03441
15.833694,9.494444,33.597828,133.17932,127.321396,126.22878,120.54137
45.640175,7.4138637,36.273487,146.18796,132.8534,125.833145,110.87724
11.210723,12.425305,17.532604,122.00126,124.80689,111.85752,107.91366
9.522567,10.780448,20.159447,128.9082,125.716515,129.05386,119.32819
10.593722,7.3835216,22.487034,125.52503,119.34945,118.10292,118.86025
11.976799,27.580664,33.959026,134.76772,126.98536,116.29701,136.15411
8.74654,11.19859,13.73331,101.17949,96.72136,115.34395,121.35689
6.0623255,32.674362,24.619385,131.2617,133.04146,115.79321,146.81761
11.555985,15.495376,13.863968,120.27675,116.75418,107.4004,106.93178
78.135635,11.686135,111.08208,97.77612,144.08617,164.61072,95.86152
12.860508,38.52394,118.350975,154.99162,163.34862,139.2119,124.03939
17.592527,36.99918,94.20203,147.9816,75.9305,118.18739,135.06647
8.500201,36.93934,71.16401,111.9145,127.09544,103.543304,90.50898
15.36846,9.723484,25.536657,123.14259,117.18213,114.936584,101.6865
12.752097,7.5769396,17.310387,138.7931,140.89091,127.20298,117.930626
16.017538,10.535229,31.804377,115.24729,100.5708,123.98058,120.264854
11.06091,11.729279,10.195662,127.74485,128.46283,117.99743,117.51888
12.951945,17.892618,16.407944,131.84799,122.9259,121.2139,129.92645
74.30439,81.54247,17.437178,131.37569,122.16986,107.323166,112.32701
15.271903,20.687452,17.58789,119.61611,114.22621,120.72621,130.27745
11.098598,10.196503,18.164068,130.96788,114.2633,123.92225,119.140755
13.584483,16.090105,20.918587,83.88595,77.95649,124.66829,121.96761
12.680682,11.697316,11.801707,134.2781,132.16187,117.46114,116.1272
7.313641,18.917488,19.239834,127.47004,141.51167,121.61635,137.49246
23.184956,24.522915,13.487338,120.218506,111.39005,127.102234,124.07831
20.216862,17.201054,18.66374,132.20752,127.817024,118.90003,124.07066
9.478948,7.673716,16.075575,130.9792,118.72561,123.981995,119.789665
14.820936,10.574142,23.55028,136.45897,138.1636,138.30629,116.40861
17.86706,14.223441,7.5918646,126.28002,122.98399,131.80244,126.31722
20.90547,49.80521,75.50508,173.7504,172.94753,127.18381,155.94148
31.627007,14.635342,58.661755,114.58407,118.62856,159.04897,102.349945
13.430571,15.380708,15.977799,128.34604,118.85413,121.2184,127.09521
8.967832,11.134832,21.165932,119.315384,111.88219,109.98038,107.770935
7.8218884,12.299956,15.342832,136.59656,132.10335,125.20679,117.57393
15.651141,28.397675,27.39717,111.4856,125.68512,117.89655,128.4059
18.974083,10.196447,12.99454,132.82744,128.16096,132.9608,124.42482
16.26883,11.246512,33.54252,165.72205,171.97511,166.61568,156.9673
12.825168,13.443232,21.970535,134.43837,123.57454,131.07187,123.62001
17.167671,21.412418,27.070475,80.061,122.69666,113.38163,141.63614
10.106796,13.3198805,22.10711,132.8774,126.363625,118.40023,123.98453
37.014523,40.10874,35.36074,158.37439,133.03899,172.85196,90.920876
15.659551,9.717945,10.473663,133.65399,127.01016,125.73461,117.70807
16.903387,38.27112,20.275757,161.24875,160.54349,139.45619,157.94107
3.2516556,5.3546157,22.62023,126.34754,119.999886,112.22747,116.675224
10.162531,11.510659,17.266003,120.04037,111.50519,127.544785,116.91524
11.778972,39.216507,70.581375,159.91415,156.77722,135.31343,156.2525
8.5058365,11.520785,15.667045,131.42368,124.12576,118.87484,126.06265
14.061077,28.01231,12.119413,159.08078,177.40297,147.61633,141.37595
11.837719,15.828,20.622122,177.24571,174.08308,167.18042,154.89276
12.26859,14.90486,19.193462,117.771385,107.37424,119.46308,110.82239
47.191917,18.510794,64.920006,155.13455,154.5396,161.17744,140.85452
15.148133,20.593958,52.6807,106.28994,128.5599,130.7001,128.05623
21.34305,16.422527,37.08847,74.1353,84.53328,70.73356,60.2703
32.713062,36.168037,40.25249,126.82475,117.407585,118.00568,109.03313
7.13065,25.457026,16.007078,120.33535,121.38166,117.21974,139.67465
11.513531,8.74268,12.798143,137.99918,136.72649,119.05201,113.24663
12.145978,12.107814,14.558341,92.34192,84.79614,112.27545,133.34587
10.8731365,7.6197767,16.661934,113.976685,109.29298,125.70724,119.54038
45.79511,52.043953,25.773113,104.34816,115.47911,109.305145,86.99384
58.436913,22.577309,56.755535,159.91893,152.87094,151.46465,119.70416
13.753198,13.929168,53.814922,125.83686,95.04946,124.739975,113.594025
25.16761,26.215902,16.97055,124.62601,115.00923,117.185135,125.43271
158.62439,161.14368,54.67935,144.45282,119.74171,132.8081,132.64969
152.82738,145.71455,51.538837,132.13022,114.6861,142.47383,147.471
133.32379,137.59921,80.237946,47.112854,104.19858,159.80936,158.63286
144.88383,148.11414,42.186092,132.23134,122.46305,144.95879,141.08418
146.07356,145.80708,43.99846,130.81734,117.751724,140.33408,141.6894
145.43576,147.92654,43.795414,130.57588,114.93197,139.31999,142.76013
169.1635,164.24596,27.878847,143.0255,139.37137,163.93364,158.71776
157.70567,148.35236,30.781897,141.0068,130.00018,158.49132,161.54413
154.31943,153.52838,39.639248,117.104225,116.97176,134.16571,143.679
151.98627,150.92029,39.531216,126.41715,123.77134,142.67131,154.89406
152.27866,149.35982,42.57401,122.18852,115.44538,137.30608,146.62875
154.84062,153.19112,37.582542,130.6086,128.65111,138.85432,149.25317
147.32195,153.84537,40.38492,129.39876,121.87429,149.08609,151.7504
157.25893,160.1497,39.559566,131.5296,127.081924,153.7193,156.23811
35.13734,37.875587,54.434177,98.58368,97.64366,103.15028,90.820206
36.80636,37.077137,52.134182,92.85527,66.68617,110.36235,93.87635
37.220913,34.274113,58.97202,108.88067,71.60433,109.90902,90.84551
27.862534,31.666819,41.11716,127.602776,126.888145,104.060486,87.55838
149.25406,151.19954,28.96565,166.29282,139.82925,100.55083,86.97032
139.49864,134.22475,14.439954,115.07073,110.65938,140.24835,146.29243
139.49864,134.22475,14.439954,115.07073,110.65938,140.24835,146.29243
144.51398,135.4189,19.348907,129.23775,127.20068,142.55331,141.73007
135.7506,133.49165,13.571796,112.22057,121.19734,144.54419,143.42502
60.630497,56.676525,28.645279,119.98444,115.32352,107.700714,112.51839
50.9356,48.19726,29.975266,132.36858,127.60257,106.79837,105.635124
154.85944,151.3102,14.788371,162.60802,142.46806,103.09986,110.89625
143.71715,134.41063,16.18563,161.77309,147.0524,128.96112,134.92197
136.07979,139.8606,79.679535,145.81606,148.7864,145.464,107.82125
139.91203,177.87804,74.34644,157.07109,159.45834,165.6672,111.07983
162.42064,168.16902,37.00878,107.897896,108.40145,107.95243,135.6903
155.34663,161.14355,41.198948,114.95094,108.49095,131.43524,144.77449
141.79291,149.37578,27.753653,108.94136,118.2594,124.02532,124.47988
160.32147,159.62103,18.140932,152.57726,147.19191,121.85987,130.34846
162.95932,160.62042,16.261726,158.13747,147.81331,154.45442,150.4782
154.63454,144.95995,42.955723,117.82978,115.167404,153.97359,157.39912
169.8319,168.50653,43.20743,123.48344,117.12381,129.11086,161.025
163.83997,163.6982,38.748352,128.19603,125.23871,168.41212,165.44954
163.28291,172.20624,47.089436,133.08707,128.26501,151.13103,161.67957
108.785385,99.49398,44.20369,78.31981,109.16914,81.2995,52.169254
124.261116,115.66613,42.84141,67.48449,85.07266,108.476295,105.4797
143.43414,146.28174,53.26773,141.4218,121.38334,155.92744,148.02887
140.4334,139.68343,45.68131,135.2162,130.82683,149.01802,148.73364
98.6505,96.23962,43.413364,125.26326,125.52709,148.98045,134.95161
154.78963,151.58171,16.692799,26.615484,34.934193,111.63497,142.54869
152.82875,146.33575,10.699714,124.111946,134.91673,123.86144,139.90468
119.83486,126.785614,41.782322,125.97999,118.63039,122.11972,143.4297
116.80264,120.497696,39.678596,121.52246,117.490944,135.58078,145.62123
146.6429,132.22585,51.427437,158.49889,170.23099,160.24431,135.61655
153.07242,140.70793,45.422977,151.59192,165.64212,158.72737,146.29272
160.76424,147.68492,83.316,120.4617,153.16048,174.56874,144.87233
161.50601,157.76443,80.000854,115.358604,148.80597,170.83441,159.5858
150.46004,163.77876,48.687897,103.36735,130.61736,144.7801,159.7296
146.9404,164.9918,58.340324,132.73251,120.48211,144.18596,161.4499
144.46042,145.011,30.063225,128.78645,122.461845,155.52434,165.63501
117.69401,130.73752,29.658926,116.49596,124.47554,156.75215,160.62057
141.3661,149.99109,30.941961,124.74192,124.98751,160.47432,170.46466
156.10524,138.80363,65.56905,152.94493,147.52179,139.28687,100.40456
153.2061,137.04872,59.315105,160.97203,157.60957,138.38144,95.87866
131.24403,121.17515,52.662624,170.26497,165.52597,90.927505,148.1197
79.29259,55.195927,29.210169,153.59058,142.9475,115.79082,116.88457
82.45055,110.91707,76.55973,143.28535,123.65269,140.63268,152.1857
124.20163,98.9906,34.06806,124.92541,129.06361,147.31924,160.29402
2.219566,79.47389,95.55275,171.56763,152.63255,135.79594,143.18643
143.44731,163.9044,39.674915,155.59697,145.00134,159.87259,150.68588
153.27086,143.31927,18.707348,158.586,132.97296,107.39668,122.321365
152.64622,150.86891,34.151665,108.456184,106.272415,114.321434,125.092545
86.55492,55.236374,47.481155,63.91814,66.24368,143.07097,105.63316
75.25089,64.05821,43.946266,78.81297,74.15306,144.66162,132.63411
136.20337,140.51779,88.5614,162.18134,163.36627,116.90681,150.69891
158.48663,130.6546,94.62499,165.51825,161.26039,132.83488,148.76045
155.00983,145.85876,91.75857,161.39769,159.21843,123.76379,152.76642
141.25282,143.16853,98.50223,168.81187,162.76912,127.49355,151.68083
128.88364,124.69029,36.145317,133.21408,129.51738,151.56766,159.2853
174.41524,166.78188,48.00808,135.72342,151.1736,160.26846,170.46234
171.10129,178.623,47.099743,141.43765,138.4956,170.11235,157.86215
128.70259,136.82579,90.61331,158.64856,136.35994,139.97542,152.5562
138.45865,142.32683,86.21488,149.12794,136.94003,149.44946,157.36475
129.80473,147.24669,67.99165,139.86884,106.23591,142.45142,143.82405
35.832287,168.7028,39.164085,129.0212,123.77403,156.74245,122.36875
152.25839,148.33754,50.024174,133.59581,135.20416,143.34251,141.22583
142.46306,143.87227,39.229412,129.78468,135.61621,150.83342,142.90578
160.37677,154.33041,33.294212,116.15146,112.977234,132.03668,141.96788
166.97942,153.06326,44.276882,105.37144,99.636024,145.32362,146.19331
136.76064,77.12731,33.265842,155.24223,147.4743,96.85826,129.31332
164.62685,167.3539,34.73215,132.18608,123.65547,150.61174,162.98979
124.559044,131.97081,36.72308,146.37239,140.18814,138.14236,147.46562
124.434006,99.585434,29.789257,151.64891,172.886,112.31404,115.21426
176.07983,177.72707,51.156826,127.506996,123.72937,144.73763,154.99794
156.34003,160.79922,48.829964,117.55946,119.326485,148.93036,152.57089
160.51663,152.17079,45.28723,120.60844,117.09087,145.08884,147.60516
159.04924,155.45683,46.481476,120.85301,106.070564,132.7832,141.3492
35.662373,41.867752,30.176584,162.41109,148.79797,121.882996,124.840744
113.728645,119.70251,21.208933,155.45448,146.41379,135.2443,150.55571
152.62042,160.38066,23.14292,132.97038,126.04701,152.41774,162.44998
168.31837,165.48622,18.792862,153.16919,145.31458,149.9299,168.89804
170.51547,166.75388,52.887745,117.83827,118.01717,122.91543,138.11389
150.48854,145.61229,43.86955,132.37961,140.0819,135.33224,150.74039
139.99507,148.32513,34.946404,113.91712,117.235,141.00578,149.7009
130.6111,147.55156,41.03345,27.531738,28.823914,165.32701,165.78232
118.90557,159.47266,13.247382,79.33968,83.84123,101.84351,140.09212
172.13506,158.77214,45.983704,92.19392,103.17714,149.94955,140.97838
159.9554,161.16232,19.824087,149.38206,141.27164,137.89479,155.79863
118.63393,98.77761,41.34392,74.19094,77.902176,131.34262,139.91087
141.30112,159.47047,28.97063,84.67764,79.4335,168.6457,162.3121
129.7101,130.08438,56.59244,98.642044,121.95197,146.24715,136.21083
154.43938,126.08086,20.950674,150.15405,150.61009,137.89798,129.01549
158.1717,160.79816,50.21091,108.12029,123.39736,170.85733,164.08514
117.82333,112.27151,32.22708,134.69739,127.71283,168.28581,167.30048
176.17572,166.36032,50.297283,146.11087,131.38486,154.15172,142.3084
164.10104,168.612,42.29363,93.76006,98.309,139.99963,148.23784
175.33626,156.79028,59.20646,128.27963,124.21656,150.13863,136.93619
161.63103,157.30275,33.79885,133.85045,115.75592,79.06536,118.74908
137.69853,139.45079,64.92495,147.30869,118.18953,153.51857,157.25923
112.34213,131.78801,25.412367,143.6544,150.12576,74.34174,63.6155
162.6764,163.43375,63.69324,57.716187,98.255585,149.0697,144.04019
88.922714,101.96692,46.67293,162.5136,167.02373,153.65367,166.48886
155.09514,166.74792,43.85083,135.02284,146.41138,105.78462,113.28891
153.91339,154.45921,21.170214,125.557816,132.30487,111.46213,92.75595
142.40611,136.5491,14.401367,117.51867,130.28003,101.51697,74.01059
159.06766,154.07657,51.022682,72.84421,81.53185,146.73956,140.98427
145.55106,162.20193,89.15878,139.92058,113.775696,157.04031,158.57253
154.25572,121.74853,51.080265,165.63504,166.05217,117.14128,124.36831
168.5206,176.86542,37.262203,136.5873,136.78711,153.5164,169.59468
134.59879,127.094025,31.374048,143.49287,142.90872,127.29935,121.2446
164.8614,161.91992,53.092445,138.94777,141.07318,141.62094,154.38457
156.22462,150.2768,43.18774,142.17955,152.46954,160.81512,148.13124
177.02016,168.10736,48.922882,107.37927,109.4706,151.80963,169.35963
159.29181,167.40596,31.731329,105.31783,111.27377,114.30247,107.96788
153.82373,156.80927,46.904697,122.2136,113.26349,132.69254,126.99105
153.17474,151.12761,44.963116,115.35819,131.79317,140.85641,139.95265
154.36015,149.4932,45.979504,80.56623,83.909424,135.98131,134.52448
147.20093,151.63686,48.180004,75.54652,109.46189,148.94734,142.68506
74.94901,80.24506,42.796665,131.09967,131.2066,101.04442,121.26542
136.12949,150.15358,52.5185,119.60303,111.71318,140.34016,166.47305
142.27252,129.58328,72.97092,162.38084,148.95413,145.59251,153.69774
152.53305,155.10263,30.375765,41.679955,38.05438,152.40018,150.10652
128.26198,127.02789,19.177925,157.35757,140.75256,129.27267,107.85083
170.54802,176.02051,19.026888,134.2741,132.26297,159.73076,158.0729
166.09138,175.5131,53.873276,124.44443,126.33601,135.60483,163.76744
150.158,158.3855,44.577587,100.29894,117.670784,163.80577,165.1782
143.46738,132.27646,93.95349,153.44241,157.38885,127.005745,147.18294
169.932,143.31471,97.12571,126.151276,168.28557,149.52489,145.3019
167.24191,152.45341,45.54368,135.11021,131.5642,155.23346,154.99722
126.84424,134.43864,36.906742,127.551414,128.09012,146.06114,156.23615
160.72102,150.4494,54.436466,117.80131,115.42949,129.28697,143.77562
55.107243,49.009922,46.74564,97.74717,100.424286,122.668976,114.62191
135.59131,136.44884,37.41538,136.32167,129.93095,139.89058,137.09366
127.70756,102.698204,58.797977,97.66126,145.76309,151.42047,159.71832
168.659,168.36243,10.997114,137.47813,139.36676,132.98816,148.15288
167.96304,165.17357,47.253506,146.87885,134.08243,141.49832,147.05188
154.98233,151.80571,51.40715,135.55379,114.18483,149.90468,149.25037
79.542,125.451065,26.05588,131.00676,124.84882,109.07068,140.20406
122.12553,122.24423,37.515697,122.03812,88.68354,142.54698,141.63518
123.93559,124.75321,37.79668,113.82142,104.13456,141.86072,139.78854
148.09837,142.10664,36.884308,175.42241,166.42859,146.34065,156.47067
153.799,122.925934,81.70832,133.10739,160.71234,173.63052,133.98628
119.75992,121.286316,47.896927,91.36111,102.838486,148.27966,131.0091
117.85168,104.07207,33.992252,141.47652,146.9766,130.25015,119.50399
128.30788,148.22084,76.41594,154.96382,113.57509,135.08751,170.56837
136.49803,125.846344,55.65785,134.50632,119.15931,148.91316,125.65199
157.55464,159.6583,46.922306,130.02492,134.21327,127.35909,143.15196
134.65802,139.4801,37.300858,133.16351,137.23764,140.6263,147.57408
158.83258,158.32434,69.37904,151.45334,170.36389,117.53473,130.79195
157.02728,154.57149,67.32628,153.53467,168.52979,134.52649,133.08783
169.0215,172.67352,46.444595,126.62178,128.33797,150.58243,152.17708
158.48056,155.3642,43.46692,134.40088,128.41586,137.81818,138.71301
145.90785,148.69975,72.54115,82.738045,150.6434,145.28899,151.34888
137.35109,144.21506,48.342308,113.75383,144.00632,134.32446,147.84496
110.870186,117.0804,41.41641,121.77414,116.93923,123.13074,132.95818
142.83769,40.184258,71.077515,154.2304,155.0788,106.15447,122.13585
162.6232,161.9404,18.331522,135.71655,127.83363,142.9637,151.03249
93.262436,117.70769,79.11134,126.4399,114.28075,151.37106,156.17778
143.3587,150.63377,43.90543,127.19906,120.35748,153.48442,147.04808
121.975876,137.94646,32.186207,82.44218,81.1631,118.383766,102.03277
159.21895,172.25475,49.11582,93.1907,91.2896,148.98497,148.46284
162.44952,142.84866,69.49856,128.37897,125.21034,161.36319,155.30066
151.3111,146.4584,70.3586,158.26283,162.77942,123.59755,114.89508
137.87,117.244995,22.248972,121.90357,111.37397,117.65235,123.39009
135.71779,109.2562,48.141354,124.50494,121.229195,155.82974,171.22969
110.846146,117.926346,48.630287,120.14088,115.23287,164.44685,154.31891
161.11867,162.55965,44.761845,102.63359,106.19087,114.393715,132.07556
163.12018,161.65091,14.921084,150.04189,149.60277,170.40288,163.1077
162.94196,162.58594,11.673554,142.89308,135.67557,173.86652,170.94255
165.76523,162.10663,14.685739,148.89494,145.8563,174.16827,171.28128
165.17981,163.37932,16.122896,142.25641,140.17252,168.74547,172.16406
159.38824,166.9999,33.43796,139.66074,110.79654,165.97264,175.38034
158.94676,155.617,23.092056,120.73363,119.531334,152.46353,172.22968
158.13847,158.94202,36.10323,127.277794,138.97878,165.93198,172.31297
164.85532,155.4936,29.782637,144.47536,144.26738,167.2426,171.41856
143.59248,150.40813,57.175037,154.84972,159.58267,147.31168,164.06508
143.83823,172.38724,91.9826,158.78581,88.76295,148.70615,170.22708
59.225624,16.723356,41.341732,157.55394,114.17435,122.36847,132.78395
160.21303,144.64523,32.137596,164.4794,98.94864,124.20078,169.06627
116.50684,30.773834,33.9712,160.46242,145.81738,140.43584,124.76738
164.36232,165.68887,71.015625,94.37366,110.96776,149.33197,171.50262
140.76671,157.36693,69.83318,148.31854,111.85533,147.88643,174.06726
70.44911,79.57758,23.2786,172.31477,171.71869,153.20992,149.2949
30.21646,47.98053,28.804909,163.35115,165.76195,40.208397,124.096146
57.25702,52.12863,12.909898,176.78738,170.74878,88.7148,87.16305
168.90536,161.64676,34.64876,145.93799,149.03806,170.76712,170.77147
119.215225,131.61974,27.260693,109.57878,87.4492,169.07144,165.00044
167.30408,154.72536,22.66261,146.17152,149.81955,160.40001,172.19688
158.3129,166.00743,35.205624,118.59647,117.937645,170.06279,158.44167
151.07611,138.78516,56.365067,174.0766,166.6802,153.20134,133.33046
37.31292,46.57971,123.776665,97.21846,151.36601,140.74727,147.31212
113.354256,159.02596,26.101427,166.49762,148.65991,138.90355,120.53313
113.719345,159.34996,17.86411,170.74045,169.37912,134.5115,132.80983
101.03476,131.03218,8.327091,167.35335,176.8612,124.32904,160.13814
153.70628,158.77817,12.752868,167.3807,163.14555,127.27256,156.05159
44.855946,33.636288,22.489733,122.610344,114.58947,143.87173,111.86263
129.13315,149.392,32.217957,157.84387,156.90343,172.474,156.68669
132.5365,158.21754,25.259117,162.70584,167.00139,167.10602,161.66792
145.13637,155.67151,21.044493,179.41739,172.79158,153.42,160.24918
156.85823,142.19797,14.836471,163.53592,154.8032,163.27039,144.22661
164.4595,158.53056,19.230955,177.46771,164.69994,173.05815,162.89754
152.66734,150.14032,18.49571,149.72493,156.02386,167.13766,152.72589
153.00519,160.59435,38.462555,89.19416,98.79505,140.93805,173.85156
162.67516,169.52362,38.60484,147.1739,122.04093,162.42685,164.24649
161.77887,152.79802,25.362452,129.67761,121.133896,169.02834,158.33238
159.9488,171.54555,22.093225,88.136345,95.391495,133.11787,173.74951
179.78653,172.29985,51.040146,76.749565,93.26525,156.36957,167.44725
48.383686,53.472305,86.388245,143.3583,85.235756,129.83052,107.60832
165.04094,158.2232,34.25668,114.30579,119.49461,160.6756,119.19102
126.91971,126.292755,19.053709,133.6025,136.77277,138.37231,144.19858
164.68036,161.83951,46.926907,107.051445,83.88149,149.88895,121.567924
144.6146,107.14179,21.250412,149.80191,155.51826,137.2904,121.954575
158.01775,142.76994,75.18898,166.95012,176.81311,131.24896,125.17849
154.91475,161.98132,35.308178,152.48637,146.82362,167.04343,173.56648
150.28178,162.64406,55.963577,127.9235,132.73495,153.24399,154.23526
155.96231,147.69891,39.696465,163.44472,168.4793,143.29332,148.033
102.13759,105.76831,47.251324,97.370735,133.14595,107.139984,131.96681
97.46231,97.694374,54.191353,101.013916,120.36181,145.43048,126.288246
104.07969,92.45556,24.242249,176.42494,166.58812,130.78249,130.50883
121.08649,136.75056,155.0851,99.40367,164.44093,134.43489,165.68835
129.98906,112.89103,17.112421,160.62932,157.19624,155.95168,150.52197
158.32477,154.40656,20.608305,154.21292,150.03105,158.96994,159.7857
168.40506,158.84024,25.611082,154.66034,154.19969,159.72806,156.27664
148.40134,151.98265,19.330965,157.71608,151.75095,150.68614,164.59996
64.51615,78.05737,27.264326,158.32498,130.33,159.31982,164.15761
155.68288,149.53687,62.981144,144.37978,167.88966,166.58777,140.397
155.13983,143.30682,62.16745,165.22023,173.52434,167.67737,137.56856
167.81541,141.35242,61.047253,150.05489,166.81757,163.10822,139.99368
150.39182,160.25743,30.880478,93.40657,98.84505,165.96309,162.0977
148.26976,160.11255,28.00042,102.16232,96.99337,163.27432,162.54239
147.83604,152.99281,39.860832,103.69758,90.3512,157.15416,156.61684
164.56207,147.16684,25.10501,133.25642,125.36182,161.38591,163.71094
169.60664,163.71553,17.423367,128.56969,116.7765,164.20639,170.82242
172.3544,164.70743,23.752317,136.16258,141.90912,155.60518,164.31769
168.52562,158.65778,22.92168,143.34273,143.49414,171.61465,167.77426
158.01273,170.30841,45.132584,171.66289,162.66313,150.2938,172.88562
159.75969,156.99829,20.358995,138.35252,113.594604,168.26808,174.10645
135.43484,176.4115,23.335009,76.81911,63.644737,135.1926,160.64616
159.39749,162.22733,51.433956,67.496376,100.330574,172.98193,177.93475
101.07611,98.68009,14.6366625,171.03365,169.28911,156.70793,154.307
156.35678,166.03319,71.18786,104.85439,138.17624,145.69765,139.83234
138.95483,160.48874,29.11584,126.52078,115.720566,131.5025,167.40262
111.68513,113.9711,18.40272,103.141556,107.618095,143.77092,147.86127
132.29182,131.02913,21.711172,147.44563,146.97186,132.40955,159.18681
168.67519,173.1966,42.853012,153.325,176.49715,97.55586,37.65322
150.84137,172.93521,49.109646,150.62828,159.7015,121.99138,124.91188
153.84854,169.8577,17.622204,69.89462,60.17652,170.95236,170.41962
150.28737,161.72096,18.517141,168.34264,173.50255,174.27074,167.17348
132.60347,135.2707,16.820086,159.30772,140.25723,148.802,143.93922
157.66183,123.39552,61.917793,158.46721,170.06732,157.33737,156.83676
149.25558,161.3015,19.814554,176.11633,173.74849,149.28456,165.21042
141.09496,142.6516,30.532984,118.922646,123.21145,137.26016,149.54488
135.4399,129.02303,4.4859715,106.91213,116.36867,166.33047,147.6635
110.341805,153.1909,18.766731,157.14903,163.88185,173.90068,157.15099
131.00783,134.33826,16.408361,167.22012,149.54886,149.07411,146.91689
145.49599,167.44562,80.908195,117.700096,149.48741,155.40047,152.36488
133.86082,138.14572,10.255075,155.61662,153.17094,153.81377,150.72165
172.11087,163.48828,50.297565,109.43291,145.26726,162.34421,170.41869
120.32911,123.4661,16.058146,165.8568,157.4613,171.07564,157.4511
34.650013,74.75703,134.98985,155.87843,114.54559,150.3031,176.22113
155.20003,162.24875,49.968903,137.82231,135.11693,137.97627,154.18228
141.56409,148.53334,6.6844015,173.58809,176.18507,138.14445,149.26434
72.30875,141.8462,40.030743,174.99913,164.24403,111.15155,90.84687
134.5984,134.02502,52.102272,95.21877,78.49199,159.69815,165.6842
115.13196,98.81437,49.131172,171.58823,170.55031,164.5463,157.84523
154.05368,159.43257,52.45186,130.39995,140.65752,165.00327,165.21008
125.988,143.36928,41.302704,90.44324,88.38596,173.31172,164.0562
85.27753,39.01064,44.071304,110.37879,137.47054,143.2778,136.80124
61.108677,150.43935,66.1736,169.1274,167.64517,159.2785,75.16247
64.70176,40.51263,49.888832,148.23448,169.42784,147.32545,155.33203
75.64369,70.91405,54.231,164.21411,150.08243,152.35498,157.35904
146.6049,138.34431,20.963234,94.62302,104.988785,161.83554,165.92386
145.24715,162.15202,47.501564,173.98273,174.29372,117.970024,154.7439
155.70888,155.82465,27.53774,150.64177,122.39042,159.29701,167.48517
163.80753,156.65984,70.552345,131.60902,110.78621,127.44231,150.13312
145.73538,163.93991,17.925743,121.78773,137.4155,168.41951,171.6686
164.63048,169.64847,18.684206,162.93289,153.4835,169.98605,170.40292
156.082,152.23912,47.4355,122.60596,170.48988,167.28036,151.8632
73.10241,56.827183,26.031086,170.8347,165.81435,160.50815,129.47691
145.92783,152.66957,129.48701,159.74359,35.758766,138.43454,135.5136
171.34058,164.38225,4.6959968,148.3738,139.09464,156.10863,160.58934
170.7576,161.02507,118.52045,159.65881,110.689766,138.33278,147.67976
17.967297,34.40581,72.58933,54.045464,31.834396,112.00073,122.87804
161.97874,165.01346,75.88786,15.391043,20.438314,175.09268,166.83698
165.499,153.62505,52.979748,93.06134,55.02032,147.35803,134.50516
137.53531,139.79451,9.467495,175.9298,176.30554,172.64326,151.96284
136.14491,153.94328,25.255072,71.27549,83.82756,171.08365,167.46112
135.50578,129.93105,26.720829,140.1428,137.02518,156.52554,163.9731
139.809,141.46555,19.296083,132.2182,132.57977,165.23114,150.23709
131.60304,160.80263,25.2978,167.2791,158.0081,169.7925,176.86598
62.825924,7.3603506,19.617046,127.751854,119.03161,169.56375,149.53113
135.19415,137.87355,11.216677,171.31203,161.72162,154.94041,167.98949
101.572754,43.899536,18.989433,174.87993,169.85402,157.79178,135.22711
155.88026,158.04974,54.26914,133.90599,129.31825,155.98131,162.46672
150.00801,155.13586,46.485207,91.07426,94.32279,165.19398,160.33447
164.71202,162.1526,25.616909,128.13467,120.92124,164.9322,162.5803
125.54197,129.07913,16.892607,129.30461,127.71054,149.0975,171.01564
175.36107,167.16432,15.485036,156.506,145.3957,160.15976,172.5668
132.41644,155.91016,31.497942,151.91771,142.6423,133.30905,117.36473
158.35966,144.01036,16.705713,137.83047,136.05133,133.95631,157.40863
161.78233,161.24199,38.484386,167.80933,169.23232,163.66298,158.25308
131.0712,168.92735,23.911879,155.22462,162.04065,153.35492,132.37978
163.59837,160.23195,30.274113,62.619194,59.237392,151.38686,155.02481
82.522835,44.194614,76.958984,145.67828,177.01405,142.74152,148.62897
150.8374,150.65413,22.084173,160.32254,168.64449,160.10922,162.31592
133.61269,141.08957,23.556475,159.75243,142.3235,159.05592,159.09435
137.38022,122.57221,17.278858,167.5115,152.57245,162.53677,159.18146
149.23895,137.43272,29.813412,136.77141,134.48921,166.41261,159.36243
39.518955,13.566595,17.889746,175.09496,174.34793,164.59763,165.45723
137.75613,146.02048,20.145733,117.75479,111.06206,170.5011,166.29495
151.4734,164.46875,23.02173,119.46476,128.58206,152.97047,164.4479
154.56816,144.12608,27.116024,159.63924,148.0985,159.64267,149.03418
137.71175,167.21635,66.98698,94.73749,118.947975,124.41635,126.14545
146.19936,166.4109,51.84359,151.3514,119.58021,141.23769,157.66176
170.72546,173.41106,4.609291,115.64608,124.756485,166.27385,170.96127
145.69226,153.11276,17.755339,151.45749,155.06586,127.26042,165.516
151.57755,153.03857,24.43273,166.91058,169.53783,168.85696,155.89798
144.09436,164.39174,44.000454,93.51956,108.6244,127.82869,143.72504
126.21979,132.45146,20.408657,124.51465,123.301186,176.65817,152.6874
163.8071,162.12906,20.51291,150.61101,143.7119,171.2949,168.00957
175.60454,146.5169,25.639893,154.96611,150.32133,169.2268,140.07466
91.333435,75.67498,27.644434,76.85366,80.28803,124.26852,119.70971
94.22565,74.01436,21.93086,75.10617,69.864624,107.57581,110.72282
89.88293,76.0388,24.504211,91.060356,91.44292,121.64455,117.21822
120.501625,121.81537,20.58932,70.826416,78.94622,132.00041,127.42894
80.504265,91.50379,32.212105,84.352684,87.42094,125.36039,145.66264
88.84571,112.59695,23.675097,82.295784,112.76304,133.98816,134.73584
67.53401,95.71772,46.342236,92.25589,84.0767,133.26534,122.69227
43.61125,93.7379,65.00629,93.40755,70.084724,70.44133,125.80551
49.181168,93.03028,63.171192,156.67245,109.16834,46.679646,116.098915
79.874,78.431274,69.49286,147.32529,113.82308,137.89867,125.35275
25.458359,79.8814,75.94896,132.07393,135.41223,114.4551,115.4376
45.91139,81.34063,60.83028,145.2751,138.58823,152.87074,116.22202
60.52339,64.42983,60.899555,166.1883,159.1473,106.80289,57.921448
42.83773,27.768326,62.025795,136.34099,102.08559,109.15149,53.048645
44.57155,17.9152,53.209183,139.27663,105.93436,94.2428,60.610508
66.32242,66.94291,13.072154,140.788,138.38448,136.12135,142.4795
60.789536,60.10584,15.274527,126.486084,127.30029,131.6418,128.48878
58.36345,41.867634,8.848534,142.52463,155.9172,131.56685,101.796776
22.39022,40.68413,66.48527,149.82756,155.95319,50.986458,134.4386
24.236116,19.707867,84.45312,120.46242,143.55836,52.630413,146.04303
12.214649,16.144506,27.687529,160.11266,174.71822,95.10714,120.70825
65.212906,154.0383,40.76246,152.40324,148.60394,124.01217,160.55626
48.333023,55.86647,19.140835,153.81412,153.06168,107.66857,123.76398
2.9605784,23.442003,12.334912,79.293915,70.66745,114.84018,102.66184
23.493126,20.98761,8.705302,79.37391,86.796104,127.721794,122.969185
68.30275,59.011776,21.001303,147.18924,147.5792,102.770424,77.96459
78.7082,68.56554,23.492762,112.08967,114.775444,96.60846,73.09786
161.50111,162.92047,63.741608,59.80935,31.3903,133.47685,153.57478
77.572075,80.35375,20.108322,161.80391,163.23636,107.706154,95.795555
104.33991,117.912,11.580188,167.65242,167.65657,121.305565,115.01811
83.175354,80.295944,21.240322,171.56848,173.52571,115.18503,105.0109
41.252117,32.20865,37.967796,116.50222,114.54811,108.431694,88.20345
86.93472,24.234268,29.616789,65.67185,105.81533,19.156162,143.20433
85.859985,95.416664,18.851719,127.876976,130.91016,155.21654,155.19652
75.42159,74.630264,33.6523,123.96321,131.21689,140.35202,119.82079
30.402287,20.244465,42.746628,147.47484,116.81121,115.262054,72.50236
50.330677,53.65665,50.428448,148.00986,166.8944,39.746506,65.60974
56.789536,36.049065,32.402763,166.67398,167.71347,117.68118,83.28159
53.087135,36.70059,32.814762,173.85648,174.78465,111.10923,90.338936
50.991863,48.096313,60.365124,63.467773,83.42317,110.168434,111.15181
40.75609,30.325424,68.01863,120.71315,98.57504,51.166645,95.60401
63.627075,61.04421,112.451996,90.611916,123.13944,108.67294,100.75656
20.935904,28.668585,61.864532,152.74858,129.56316,79.521805,80.974365
35.57168,26.643616,54.732002,137.9112,121.44392,93.59413,106.7764
40.80423,29.174458,19.549408,173.96085,164.47757,77.711685,87.33077
76.50876,29.226202,27.330791,142.79036,139.86688,104.80836,57.529675
84.190735,50.470573,34.10219,125.407,130.04892,98.03632,89.457825
58.113255,68.59391,48.042427,142.37527,144.05585,101.40173,114.97256
70.775246,70.62362,48.172283,145.12994,145.18832,113.11186,113.41874
85.093346,77.70145,39.68723,164.73445,165.22116,119.730415,137.60342
73.76141,76.41973,36.619144,101.77846,104.18806,103.182434,103.785934
76.13721,71.010345,27.62931,88.798004,89.780525,109.21942,82.851654
70.936775,62.34273,29.72077,84.428894,84.92118,107.23812,72.87709
73.2139,69.962234,30.309778,101.093445,96.93751,110.73741,93.28839
87.00282,68.06585,30.430138,142.91803,129.09076,148.02007,121.05007
92.12813,97.7311,36.658634,40.992165,49.711514,137.40959,144.1975
24.26636,41.62171,36.71891,122.54137,121.16764,66.22444,121.646675
101.21143,134.26076,52.66975,165.43513,167.26411,90.64743,105.46308
70.57832,69.60206,40.82272,94.65717,94.51772,128.94965,130.1497
51.04247,47.57772,23.866392,157.13597,167.88222,109.29384,94.37556
53.102917,43.393074,16.83626,174.59216,172.90303,92.70021,73.441605
50.93472,87.67895,60.28779,150.45917,145.92264,108.34386,93.67236
17.951551,54.013683,26.35041,154.43451,163.4102,31.35139,79.04998
69.11712,61.941048,11.918341,58.101036,62.267082,119.25411,113.19519
50.94153,55.846447,12.6518345,96.76113,102.35279,134.91446,141.44688
74.01854,74.048615,11.578489,151.43053,156.48941,148.72673,149.75786
42.55084,36.116673,23.363361,162.11519,150.7434,111.699646,95.585915
43.721577,27.587246,41.62352,159.14174,154.10509,109.9217,81.78045
29.474295,15.393118,9.005301,169.77203,162.98166,73.62967,146.69073
49.466972,40.94855,17.25537,155.86223,151.10342,97.405624,89.014755
49.431324,58.42716,42.977585,136.92722,151.26978,104.08919,88.475494
71.271935,55.811302,29.158852,162.84703,168.16225,134.90945,120.9301
9.228054,25.9082,57.301113,81.627686,53.038948,110.03299,80.42878
24.340538,69.74891,81.07454,85.60919,46.357952,91.1203,126.10769
85.54741,84.03132,21.703218,160.72914,149.59901,104.082466,87.32657
58.528706,37.522766,78.65544,124.07359,132.78117,66.78111,91.96774
16.840416,36.491188,25.069012,135.96274,125.95527,138.1767,71.448
35.973583,29.985594,42.340702,112.828125,137.91747,92.73362,80.96543
70.3871,66.405075,15.873745,148.60992,151.01671,117.98895,120.98142
27.634861,39.342472,17.220922,170.67667,162.2982,153.03023,102.02264
53.3953,47.871513,15.147761,171.72354,173.45183,103.15702,88.55394
160.53783,119.45607,40.46772,158.92737,149.81163,168.26012,101.6379
61.247917,66.864876,79.20478,142.3925,85.17633,89.15156,136.35855
62.261635,4.6278625,19.249107,132.56062,141.85596,117.157326,146.27045
35.473446,30.42922,70.23224,150.34549,122.22637,73.797554,95.62164
47.864723,47.67257,21.77074,114.72414,117.097496,84.741875,69.34729
59.179844,50.81897,41.8474,92.97578,93.24807,81.129524,54.79024
17.747911,8.510753,20.764103,113.56582,113.74437,105.30967,110.51448
68.20644,51.20878,20.167513,115.817856,111.27167,94.46773,75.16235
64.22241,72.50338,13.188031,170.30444,167.19586,67.95475,75.544525
65.12341,44.39172,22.010353,106.721115,100.84329,140.48106,125.64008
55.696556,67.98165,14.531799,178.41936,178.26132,137.80684,153.95035
22.841993,22.674236,31.053434,166.98604,156.62352,72.31024,64.52902
46.66134,36.702118,42.093178,166.74355,169.69806,156.11139,49.09878
89.325424,78.56258,59.81351,144.96095,150.04335,147.56215,107.5407
47.30845,34.00317,16.99443,172.72186,171.86455,114.37369,99.52579
88.14655,86.33899,36.29546,104.16086,104.107285,127.634796,136.92863
33.144196,25.630875,13.729695,175.03958,176.76146,97.1703,89.71647
20.510635,34.603825,18.234364,142.93425,143.38171,105.8874,98.13593
25.050888,35.66073,15.750551,168.4166,168.5292,153.1805,166.09077
159.38457,153.06116,13.500877,169.80852,173.40117,161.00679,132.23128
37.226307,32.183155,52.901264,115.35499,154.7025,78.07585,112.66443
67.377785,53.32852,11.683526,146.98357,131.04607,63.660736,88.81005
13.978155,8.455332,5.8292565,124.178734,114.92229,151.56306,170.36884
32.870853,37.07355,72.10287,124.49384,98.4079,83.07601,74.56859
59.292023,56.85454,26.661417,110.06039,120.34376,114.24404,110.163475
25.124071,25.927595,16.771309,170.38257,168.71046,98.45591,92.5734
66.876686,50.829395,17.95568,139.70216,137.1696,115.644936,102.31193
24.948614,67.630455,9.639902,164.86328,157.60144,128.52187,59.58441
68.715775,64.52633,26.766119,164.24673,162.00446,137.58409,122.7386
64.3413,39.62459,46.022766,155.76193,153.61539,124.19015,102.14202
86.57735,82.83115,7.840476,173.38214,162.0438,161.09943,138.7934
33.980953,31.94689,22.932734,177.24796,175.90512,100.363304,82.54083
50.474953,50.71429,14.879733,168.02646,162.32106,94.397514,93.53786
46.697735,50.13032,72.55303,118.37793,122.70147,121.255646,130.09108
136.73781,120.72272,35.608337,33.424213,59.614517,116.43194,121.81201
74.401405,69.359276,60.44801,115.24412,126.269066,110.0981,77.05961
69.36992,86.67229,67.38872,174.61116,174.43793,122.1332,132.88492
27.20179,25.107056,21.43365,65.84982,69.21876,107.25014,93.49723
77.60239,83.79185,15.217919,129.95683,112.25083,151.50685,156.47641
42.613377,22.871994,53.969364,86.879135,94.703514,102.01127,82.0145
31.9422,34.884296,20.083649,124.18693,120.227356,93.81029,100.38733
33.58506,51.26332,24.666441,34.96548,41.255814,154.78766,144.11801
54.861084,29.650686,37.941822,132.7828,131.61688,49.741608,135.51874
141.91437,98.508514,54.156784,140.52551,173.07005,138.38864,62.996635
37.725346,44.46125,14.041997,151.55798,145.05975,100.515274,111.649254
66.329025,67.54781,73.86316,108.273254,92.96234,56.583485,87.92537
91.994606,112.07587,63.697903,47.676453,84.70855,140.70392,143.4402
72.16924,47.634594,20.83811,52.1197,56.75505,74.652596,27.27945
27.954197,25.040306,23.878551,167.05571,172.21288,92.47199,76.54892
41.935894,36.331833,11.273422,146.043,155.32648,129.83218,105.76109
39.144848,43.759968,17.749454,111.736336,108.48383,102.6627,117.26368
26.326462,28.45125,8.878316,153.52405,155.37643,104.09044,107.95481
32.323986,20.781712,29.271317,168.61142,169.86871,87.575806,76.266716
49.14365,51.11634,23.686213,117.983955,98.13394,117.62404,120.5007
37.53773,40.89141,8.750207,176.88165,178.34427,83.98816,68.67561
31.67262,30.471348,6.6579876,178.359,179.19714,109.66794,84.47501
63.300354,69.23654,72.47945,142.7576,152.24973,76.35979,77.637184
65.08842,46.63093,18.807692,170.04889,163.48692,96.17983,57.67874
58.5695,38.375732,10.597082,173.26274,174.70299,92.70419,120.77299
114.52902,107.78779,155.89307,116.94913,48.729748,154.423,116.4742
90.97826,62.28403,68.57607,164.06143,173.21507,112.7908,100.39266
22.927362,29.56686,24.901392,171.78484,171.80089,125.81479,113.12635
23.883793,39.165047,25.477053,166.35524,173.18405,120.055534,73.67987
21.470884,64.19382,22.16824,177.19595,172.01086,135.20818,88.95899
19.874622,41.36017,24.820694,175.84619,169.81184,121.10361,99.3937
20.658432,45.263744,24.586363,172.72122,173.88762,119.6717,75.386314
36.667454,31.046097,15.919421,178.04231,170.51363,124.35303,145.9765
29.913296,32.561226,8.867566,164.90088,163.25478,89.40231,98.98896
25.146526,36.102608,11.616436,168.27278,162.55634,90.6611,80.01619
24.364458,33.553547,6.792014,171.4274,169.2264,103.71118,93.484276
98.20401,81.72707,77.293594,156.88242,164.62794,108.54778,114.144905
106.05316,86.79287,82.370255,152.55396,159.77586,125.21333,124.68285
108.49631,78.23165,84.0471,150.18694,160.12125,117.52799,133.05597
48.55442,42.556885,41.879993,115.801056,110.557976,132.32837,115.44219
45.187237,46.16016,49.653755,117.9299,102.09796,145.35875,65.014565
97.19604,95.91739,82.08509,138.21397,138.26906,138.09589,151.82649
104.51524,99.53173,84.17703,137.21213,142.51256,130.78793,154.20547
84.26012,93.2777,79.218254,152.13347,151.63644,131.84746,80.79606
13.19177,16.246544,26.731485,164.27023,166.83357,114.98568,122.148125
99.82189,78.88963,109.48946,152.90042,110.498344,118.24933,138.96568
99.94642,89.60882,95.39106,140.53883,136.886,150.27577,127.00776
68.66088,32.408573,26.447382,175.95485,177.5948,72.21732,139.55618
45.34596,26.877747,25.487774,174.50224,176.74324,90.81672,134.54904
23.933157,94.071144,52.035137,150.11253,169.33842,107.04951,119.0131
56.94491,98.66022,42.08143,151.4095,165.45128,129.48715,117.50465
40.056,42.262905,37.211014,170.83627,172.49442,128.6811,69.24863
53.661236,96.37746,92.30815,124.08953,142.10735,123.582634,129.51863
59.29147,18.731766,19.49852,172.00285,167.22514,107.751976,141.60678
15.835975,27.810411,9.001501,179.21217,172.17404,144.86069,128.17892
97.66681,89.44144,82.20425,154.82265,159.37372,144.34892,151.54463
60.415604,64.38619,75.77004,167.39868,161.72313,79.32363,73.875694
64.700554,23.820967,30.49036,169.11649,173.07333,87.51413,151.79417
80.48006,69.75874,70.50521,163.48866,175.0133,90.60429,110.70131
80.344765,86.487465,70.00091,160.21957,144.04494,114.36456,94.86085
28.619438,84.9957,24.821247,168.71336,159.1814,117.25466,118.88571
36.30058,41.022705,43.75989,166.76843,160.33133,103.314156,106.91225
79.25265,84.38045,85.50788,155.02211,160.09195,140.91592,145.93402
100.60063,77.51849,116.788475,146.31204,159.2519,144.00523,151.4938
37.42473,30.584808,38.495567,166.57791,167.99011,139.62683,84.80069
23.091448,28.833588,27.86931,167.58614,162.20221,71.082985,85.137695
30.850605,47.583164,27.116266,160.60057,170.61407,107.01073,61.755184
21.81637,58.307034,21.628033,174.50342,167.36948,139.82878,89.470566
15.511241,29.849977,32.59613,167.53589,166.49518,113.35122,113.06444
73.92818,60.59306,57.16981,154.93555,168.37299,117.8297,134.52985
49.446198,97.051025,86.87074,154.41248,165.0195,122.086815,107.72357
40.709602,147.61436,82.09683,86.62429,65.157166,154.1838,145.76717
16.266294,73.4159,20.054605,171.95323,172.41443,154.8903,70.528625
59.487644,35.83071,61.75968,158.86488,170.32652,101.463745,135.28947
23.621923,43.009212,44.142555,159.35432,154.2967,80.49196,90.9167
19.839006,17.44955,13.621031,173.78638,178.08376,57.24681,51.95496
30.407166,29.562525,26.276423,168.2267,168.96658,139.35251,97.46351
10.098307,29.490494,8.963378,176.11977,172.16122,120.83034,113.791954
78.27133,106.90929,52.08627,160.37952,164.5021,144.7657,152.75305
34.973614,29.287832,15.942284,165.83994,163.4939,75.16156,121.52144
64.988815,57.944016,44.208893,159.65408,163.84769,129.12946,73.681885
106.806984,84.18048,72.1797,165.23799,168.75484,158.06357,142.78763
52.88539,61.93853,78.392365,162.04836,156.44318,70.98179,57.112076
42.027794,30.355394,9.157482,177.56412,178.57962,78.247444,124.14796
37.98722,33.41425,8.427307,176.96205,179.84366,88.6721,78.701485
29.527575,52.917133,62.923485,168.29745,171.212,68.19702,145.98135
40.64324,38.528484,12.472878,169.55008,171.94246,80.14738,59.160465
44.579693,20.109299,57.473316,168.78299,174.8138,137.9368,90.08915
43.05315,54.152,64.763504,118.83731,138.41957,162.19176,160.11858
4.2264066,43.38058,58.141197,168.19702,168.10416,93.038475,83.64467
43.673897,51.23417,16.826475,171.32147,170.59265,108.690994,93.61107
10.187467,69.71847,20.109962,163.59552,159.5718,138.20523,105.66252
58.210876,55.53206,11.350144,158.57263,170.17282,157.72427,164.52301
36.959476,44.163326,61.77837,160.30562,152.33896,76.61346,103.26172
37.189728,31.036991,53.46918,172.90361,170.29863,94.18308,133.02716
81.35121,112.28713,88.07315,150.2025,172.08684,136.25381,137.50624
81.98106,66.943565,65.770744,165.40782,175.02603,99.396416,104.134995
27.101398,23.82158,20.807392,172.06361,172.8127,114.79181,100.38904
77.383415,83.4733,87.220795,158.16585,155.56816,158.20963,77.65165
53.00053,39.84145,69.1796,162.97159,166.48596,134.99937,90.935585
72.54897,111.46584,86.673645,146.66115,149.43224,154.04039,141.9093
52.708088,51.916412,77.91994,160.63835,157.8315,72.856995,67.49158
69.69307,97.9953,101.50318,154.4933,144.88823,115.62834,107.50187
44.05039,36.4402,57.1509,169.92682,147.44812,149.41951,108.88428
47.244556,26.12603,89.62715,166.32834,146.14552,153.98703,86.679146
14.991954,71.82072,32.810497,170.66762,165.11008,157.49724,103.78836
64.06679,48.570126,45.363037,124.34057,138.2994,44.780117,100.74091
96.91118,79.74744,34.265434,156.67842,158.08737,105.88333,169.74724
7.4891696,52.927723,13.617157,165.13643,172.91711,147.5068,142.54817
41.196686,17.247797,36.934147,153.777,167.33707,103.101524,151.54195
45.397873,40.516026,8.779162,174.87303,178.9782,50.70688,38.489086
16.888346,31.899343,20.596375,176.43187,171.40509,104.363464,110.02286
32.12957,30.202557,8.845995,177.0082,176.72678,96.741394,103.733215
29.409836,30.179296,25.617107,160.1484,157.91885,109.32597,164.89949
31.423548,33.103333,29.699854,171.15584,167.36865,121.66275,74.88955
75.2233,55.44742,54.59065,170.43884,169.08289,82.92872,114.657265
33.26746,20.982428,23.474607,171.34593,161.71,138.97379,126.532814
28.164898,35.15178,75.49964,171.09859,162.34897,112.12367,75.307465
37.27336,23.644445,34.529266,123.575325,118.88582,129.5038,151.50775
52.002155,16.073683,83.932335,160.21986,153.76826,126.99022,111.24618
65.55527,60.533936,76.7455,174.80544,157.53989,84.68099,43.34338
17.912046,37.066193,76.57997,168.56079,169.93991,77.87267,60.461338
96.552376,74.7501,25.464432,167.02882,154.80139,147.13457,138.26845
88.719406,85.3494,14.996033,169.84946,172.36316,172.9827,142.44864
72.197014,79.19105,82.69431,153.67514,150.6051,117.88581,147.54259
59.215393,80.910126,82.399315,157.42015,153.93877,130.02576,165.42348
56.503937,66.398994,12.909331,70.48487,67.82832,129.77832,118.89783
83.12315,107.45796,37.02681,158.70416,132.01863,151.66226,166.1306
87.25092,78.345474,19.566277,172.48264,168.07753,161.66501,155.43335
88.4977,86.15563,17.951317,172.87253,166.63577,131.5492,123.011696
63.406727,55.723774,13.699433,167.8314,164.10275,142.91345,137.81447
58.821228,56.76181,20.142754,151.45334,155.16867,154.59727,154.2771
81.24337,75.19574,36.614285,171.9385,151.13998,158.48416,160.89513
70.11942,63.63351,20.725618,165.6687,162.0396,163.43893,167.27977
99.01381,94.54652,57.77999,156.13388,164.05222,125.65031,148.50517
97.147514,93.754,61.868416,158.62234,166.03055,121.292595,145.1964
71.41354,80.01132,71.59183,158.58386,160.1476,128.80132,151.23705
72.3787,77.89691,69.7907,163.36324,167.26637,132.09302,151.81613
56.282383,81.032524,18.619078,175.57162,169.4373,135.92392,172.67642
60.11163,78.57892,16.410072,168.11354,169.61061,138.82361,171.62999
56.965115,77.80223,19.17886,175.39304,169.12952,135.12419,169.49359
137.19617,135.35345,36.514297,127.539604,147.38844,156.97827,156.41939
167.48235,172.89256,30.403475,156.55782,149.92493,155.07376,173.71106
90.82493,83.395386,18.898445,152.37445,145.58203,139.80617,133.84776
90.55199,88.78409,12.01941,173.43217,173.6714,167.15564,164.55882
92.337425,85.54964,10.3060875,172.0103,169.5785,161.01566,158.76097
89.424194,87.77552,34.18177,148.67775,142.53189,131.37761,140.2224
76.16903,79.53701,80.98406,168.55257,164.71974,132.09901,150.96506
69.429695,83.21167,81.07502,163.56194,159.36273,121.253426,151.20253
82.38227,89.78096,97.854836,147.56001,152.09717,117.30809,140.33742
34.60537,29.879246,43.259422,139.7592,106.322426,131.89827,161.52293
47.215355,32.213684,42.12713,118.08982,112.69425,132.60547,143.91734
50.164978,92.0941,27.711813,160.92096,163.16054,141.80504,144.25754
90.087906,64.34007,52.928856,89.892,76.04473,150.81477,147.14476
80.97839,72.283165,48.217373,127.629074,127.31702,151.93318,142.42616
78.15272,64.684425,49.26152,126.47168,131.00063,153.5538,136.77538
85.15371,65.97418,53.253704,104.3923,104.193375,148.18777,133.21278
100.46191,62.575058,17.32041,172.22472,171.75302,155.48486,117.9506
87.941246,61.746845,17.71818,168.10567,161.61098,165.22493,134.42287
89.60051,65.04427,17.543201,168.396,165.22128,170.01695,136.39821
122.636665,122.136536,62.942844,160.71584,149.12946,136.63461,113.00874
69.23785,68.620026,45.69071,154.26,134.66907,167.93346,153.24942
57.38626,43.442314,82.824455,152.32646,150.33153,144.91608,134.7909
20.756378,41.592323,17.548723,123.38283,136.68808,132.26839,99.682045
74.66962,54.689404,4.3975663,165.4287,172.0399,135.49628,165.04166
125.38669,117.77481,90.473946,61.361034,87.496025,137.90398,143.24406
138.63934,135.0822,62.36071,58.683525,122.53123,148.84178,144.58897
147.58241,100.38577,54.326035,64.499275,78.587395,154.98547,139.48865
56.94841,60.914536,49.80823,131.01791,159.89577,151.13153,152.22873
48.088017,53.804794,57.621838,132.22287,162.75336,165.0752,165.33496
49.984528,53.60703,51.030304,144.81183,168.96846,161.55316,156.77747
133.65535,96.33752,21.14886,170.28952,166.41727,159.04085,116.29981
60.74988,59.54684,51.219856,173.83333,170.156,155.25941,156.39857
53.22504,51.214317,54.585846,167.79097,167.65884,152.22896,136.37465
54.897926,54.073433,68.90495,169.1408,169.96217,157.07834,149.69687
68.19556,48.837006,64.0969,163.64127,156.84328,161.53421,144.07529
83.623535,63.945396,75.798584,121.94719,151.4808,160.6827,114.874146
75.59905,83.16991,82.71853,169.3012,169.3759,132.87708,153.32202
51.04829,76.846344,35.889034,169.18645,175.21852,153.94345,172.84131
79.28219,67.91842,8.067643,175.66273,177.35237,148.2625,138.3541
86.170586,94.95293,21.898668,160.9937,165.73593,112.461555,98.31107
72.55096,58.16341,51.13451,130.36943,152.8816,131.12871,144.6259
74.65777,62.239414,55.18969,175.08464,165.50826,148.60913,138.3276
108.64911,51.115883,35.38425,177.1083,171.41866,170.27037,111.789
63.38599,55.282215,52.264343,152.09326,148.82076,164.28223,149.7636
88.17846,90.904976,105.53279,165.31824,165.50148,126.38801,143.15576
54.362427,55.34425,52.35665,156.14207,166.58803,155.21437,157.15999
67.095245,67.59984,20.499445,175.5003,167.18193,147.37756,145.77962
69.89347,61.275448,59.055992,162.99854,168.09818,145.43193,170.07538
77.89472,91.48365,48.66381,171.915,151.95508,154.03157,145.49529
86.52733,88.93365,103.67281,162.09833,160.63797,133.9906,130.25018
54.586315,81.122955,63.43348,167.4311,154.01584,122.82679,161.35127
53.09537,87.58338,47.30679,158.22783,156.7911,133.14001,167.2652
56.705055,105.406746,26.178295,173.95819,169.25534,143.18718,169.34717
32.471493,90.617775,31.058922,171.4022,164.53662,131.40755,152.6552
67.375534,88.997505,24.669033,158.04045,162.83017,130.06685,147.67029
64.71031,88.45539,41.14746,168.88312,152.07396,143.78894,149.76025
70.59649,62.479214,65.108925,153.0714,162.5648,137.9993,146.42363
88.23995,81.60543,11.661168,168.78809,171.42075,164.21323,155.34149
71.02789,75.192276,20.004921,166.34314,169.2055,164.46103,164.76463
99.47762,89.229385,62.987743,167.27248,163.89374,131.1134,131.16718
85.35368,38.462685,12.549467,171.51393,171.13806,155.81535,143.11299
62.650578,63.176033,75.75432,172.40324,168.07942,152.79585,154.68327
77.33888,36.782776,16.778105,166.29295,171.43626,162.72157,146.71646
52.70343,53.588604,5.751444,166.21867,166.02203,142.6476,130.30865
136.43536,94.18265,25.777552,165.86497,166.65211,148.1059,128.31056
107.34418,48.10554,43.294334,172.76732,165.6682,168.02415,113.51358
80.00937,75.98332,105.8924,152.94254,149.2536,154.8189,123.24114
88.94595,60.192802,32.465355,161.03134,147.9024,160.22485,122.972946
123.87674,68.175835,57.689404,166.32817,170.13133,154.46042,77.64665
76.44657,63.023876,31.711851,168.60136,159.33177,143.64937,130.34286
45.834282,73.88513,31.593573,166.65121,170.62518,129.8275,167.62039
63.263443,81.16581,7.9664335,170.16397,169.16219,132.86424,157.25893
34.50687,64.99476,26.91312,158.08372,158.7391,130.89189,131.40979
74.5488,72.7716,53.361107,165.15082,175.15048,147.73677,166.13449
79.87371,72.37823,96.88898,165.58429,147.88374,156.11174,123.95963
60.794926,96.26856,7.0759873,169.82718,175.97733,149.10721,162.41281
111.70666,89.26544,17.439955,169.51515,170.43515,162.72874,133.05995
47.461823,93.457016,32.760937,155.48705,165.38736,150.5222,164.39043
60.742348,45.056587,11.249753,163.56213,162.86993,156.6177,153.67754
94.35963,57.140675,18.700665,174.77222,175.70685,153.2982,128.84021
75.00387,69.88126,11.19234,163.2441,166.30417,167.79677,166.60327
109.09704,66.24937,39.756657,156.33968,163.42293,161.91043,170.34448
80.0763,103.62097,25.652077,148.87796,152.89766,140.00343,167.67091
85.52369,79.14914,11.911582,171.67719,163.37645,154.2397,145.23837
101.64486,24.646133,15.732343,170.09285,175.9821,149.70575,134.78806
96.16842,31.00238,30.927698,163.29901,169.28574,154.00204,145.69774
100.039375,108.16152,23.317856,151.69344,151.99734,140.35709,148.53911
63.874626,62.67833,73.31007,165.07166,151.17676,156.06671,136.00404
90.65309,95.949326,13.585631,173.45255,178.21625,172.23587,174.36237
77.777794,64.57479,14.58984,166.03223,163.57066,136.71234,137.0514
43.79495,84.157364,24.311401,171.79164,177.89664,137.65002,172.62813
83.62453,80.86549,9.067776,172.44423,172.9758,170.49385,171.04617
64.939,58.783955,16.627306,159.6704,162.8801,155.25693,151.54944
62.09764,64.95631,74.39165,164.17114,153.18727,152.51817,130.98761
68.95561,77.11313,56.242718,155.56555,170.748,155.26968,141.5784
59.208286,81.817345,31.45733,162.86378,161.9519,144.35616,163.25298
95.211006,80.96817,38.659863,174.1982,157.31726,160.74327,142.25311
75.00451,75.872856,12.597634,171.15942,170.58836,170.0035,168.96922
77.77238,84.77759,58.14896,177.9923,166.0819,159.95474,135.22493
85.602776,68.13166,83.69775,164.92473,162.38376,157.77515,151.41989
52.284214,63.800484,79.05621,117.75435,108.662346,130.74593,145.84987
50.80902,79.12409,51.039318,162.4104,169.2427,135.56038,164.7186
48.513428,88.68185,17.545532,177.38405,175.69084,122.732315,138.37878
61.831974,80.60178,41.34443,164.15338,157.12018,141.14365,163.01921
65.20664,107.040535,78.162025,170.75055,163.96349,116.73741,166.78773
77.7001,78.01591,44.724445,113.07763,132.91075,141.2258,127.83084
61.584675,73.51635,62.07377,159.43736,153.47635,142.06497,161.3976
52.27024,56.019634,55.22043,153.79372,165.99557,154.52835,153.45137
51.540398,83.0132,49.125164,164.39207,166.71614,124.01857,161.50395
94.50799,77.4746,16.01864,164.545,175.6105,149.71162,143.82721
82.22214,71.34117,69.924065,168.28554,173.1407,151.70062,128.92928
78.59907,81.726234,53.814552,163.02344,164.49129,127.9252,159.72903
71.742615,86.16458,87.091194,160.61906,171.19719,149.43968,147.61627
69.608315,97.073,23.887604,166.7554,176.17699,131.00226,167.06346
64.587975,54.88342,70.68071,172.35526,158.15083,170.85443,150.57043
90.55502,41.34759,9.886732,176.74548,170.43114,166.14665,151.47763
88.62115,79.30052,9.036735,173.61485,173.22021,154.867,142.18703
58.125294,61.60999,73.04804,178.66254,155.46858,157.71092,137.42236
67.24388,59.37226,41.01545,161.68416,143.63147,140.90518,124.11165
91.04404,53.227013,39.806725,163.3129,165.43507,171.60765,131.3585
62.66111,78.350296,33.994663,170.73248,160.67393,142.48929,168.67043
61.02572,55.800156,23.693758,148.76746,128.58865,162.89137,142.22702
22.118988,29.300907,2.1546223,158.91203,158.32605,150.5872,140.81676
59.976334,77.6019,35.5455,172.31313,160.60918,148.07954,164.16573
35.03007,29.49762,103.6123,107.90712,98.31152,88.59967,152.95683
87.388664,93.73253,71.59288,39.2191,41.59828,96.20082,97.78946
118.245544,122.5634,65.50226,38.824917,41.829365,61.308002,57.57964
99.175125,120.55993,66.99536,39.367813,42.855778,74.124954,60.31801
123.76083,113.995316,35.90658,87.29999,100.69526,99.39938,52.89602
121.458336,110.19745,30.696308,90.428764,93.653244,105.014084,68.38176
115.37431,156.05162,64.580635,77.06969,74.91282,103.311455,133.21326
150.14565,165.20842,64.37183,87.12993,73.768616,129.80792,143.21326
150.00687,13.458687,29.308062,131.75862,116.20772,134.06462,73.74666
140.4488,26.374592,31.919895,113.83416,107.05919,133.68808,41.67927
116.09849,153.57884,43.73662,62.522007,64.59786,83.47656,66.86036
116.57413,127.26641,45.522682,61.626217,64.39882,27.878166,63.945534
104.99195,66.18815,83.44259,52.95208,39.81445,125.90944,109.41589
127.49421,25.359497,44.918755,97.472115,89.37928,125.61379,138.89857
148.25977,150.82176,70.21576,41.801853,40.566147,116.54491,71.403366
14.001277,31.733437,69.26375,130.93155,131.25581,110.01643,81.541336
9.433339,35.200474,74.67444,128.07333,138.58171,112.897736,102.6378
10.13019,15.254788,69.598755,164.6062,155.01952,133.36702,109.80006
38.538643,25.993818,57.036953,95.12776,84.82092,51.11933,108.6423
100.85874,106.849365,48.213825,86.14109,93.93741,77.40837,99.11578
33.74986,90.65728,19.528385,169.77594,162.0188,118.57447,135.35687
29.353436,130.19891,21.35351,161.3578,157.38289,106.07973,139.55263
69.91184,52.236687,79.56846,169.46362,163.37462,89.4424,88.7838
85.76015,67.544334,69.43393,169.29504,162.38113,102.93165,112.27686
76.82237,77.79865,72.19124,51.67353,50.728367,37.835743,61.192894
71.31084,87.9417,77.52702,55.782913,52.16588,107.458374,94.515785
53.01088,39.091003,82.975525,122.15472,126.125854,92.74509,161.17766
92.30906,124.74348,41.35131,166.13121,156.60007,121.994446,164.7406
79.998726,104.05361,36.54551,161.56413,155.41304,121.52314,150.91595
59.713287,93.98778,50.869125,78.14167,83.32018,87.90065,102.48796
109.77766,82.37275,59.645,72.928856,61.979424,55.83516,86.115234
123.27403,115.27066,52.00414,89.87685,85.3612,66.458405,46.643635
29.087671,26.723682,43.471535,160.87013,159.92007,111.51089,114.038246
70.21685,65.838066,104.29269,152.12543,169.4619,28.273962,40.524387
29.84747,119.09458,53.969955,55.571873,50.793076,28.220325,77.26495
28.060513,22.101242,38.83811,156.1901,148.99364,153.64156,135.2156
81.70005,58.753475,90.01158,145.25023,139.11497,101.08905,117.4181
129.06427,128.91736,49.265247,84.77454,84.282135,76.50298,80.89566
117.43017,148.23547,44.520996,50.01766,45.842007,143.03026,87.2932
55.47716,60.540318,58.81179,93.57414,96.88521,108.626305,98.06343
102.39649,143.10513,61.41215,135.21634,100.27522,122.46238,164.45686
152.20537,164.0195,74.98921,131.19234,98.78983,140.60045,153.29451
80.12617,28.065674,29.023403,167.93736,166.99591,124.481575,167.56537
64.82342,35.506912,49.30397,151.70276,160.01826,131.22685,165.75844
124.78179,91.857,67.573845,28.984348,41.892555,78.19666,111.7148
22.538162,112.08868,38.89374,151.02669,115.6879,103.17926,107.486176
103.89335,115.000786,46.561806,51.817436,53.560715,68.74995,113.94067
25.616539,53.77336,87.804,164.17554,162.9004,118.739685,153.37346
71.206924,81.30859,58.13534,64.2655,62.642006,112.942314,31.369911
78.36686,44.83276,26.24349,75.859566,67.16508,63.77631,79.67951
27.176498,37.25664,16.692865,113.90094,124.6594,144.66223,104.26237
41.854546,66.67381,31.121996,68.962135,58.25685,106.372795,95.81882
17.6639,57.557056,71.43612,140.85788,147.69702,93.57786,45.518543
130.5868,97.06186,110.27768,172.49301,174.95944,133.64606,36.22846
162.37532,119.70299,102.35921,162.21263,177.89716,105.04578,74.66381
134.48044,139.36302,93.87319,66.64135,57.43498,108.50292,108.385574
120.7865,132.74266,95.539,66.76067,65.45574,108.40271,122.1049
22.020807,50.090065,35.30454,113.79262,99.69089,176.82423,143.4586
31.809412,54.334866,54.505898,158.04298,167.7698,124.640976,144.07591
83.19946,64.01567,90.27254,102.18513,89.49815,106.543236,119.304306
74.57628,66.47133,97.97316,107.16013,91.88896,101.33355,115.5002
112.14641,100.75941,69.11855,133.8055,107.94763,48.52842,88.87984
75.343,42.359478,22.139284,165.89978,155.50317,175.67389,122.24313
113.48518,105.55877,68.65248,82.84514,77.8559,57.265747,124.55156
108.38842,111.2385,69.15332,61.824646,58.148506,130.98088,120.76811
44.67301,22.614332,26.164791,104.98768,97.682785,69.01946,101.82504
111.926926,126.36269,57.52959,145.30042,135.12645,95.15419,145.1436
142.2102,99.68781,77.68276,61.35356,109.54928,100.32532,65.76509
142.51991,101.638145,63.200546,67.27836,104.66259,85.568794,59.54427
107.625336,124.34033,70.73991,54.341618,48.02056,121.2977,120.256325
117.51604,125.10637,60.408455,66.21538,60.255505,88.416504,88.26553
71.00496,95.19738,68.392944,57.427734,60.16298,136.78441,119.497986
80.19533,89.68638,65.36056,59.275665,63.990593,138.33296,132.14604
71.26174,32.483406,80.17151,150.0992,134.8354,151.23631,113.87513
105.454254,98.78552,71.19172,75.724434,98.34087,168.42888,171.93883
34.88436,61.584896,25.605562,77.47619,68.65408,85.59852,88.39994
122.08584,131.64827,85.12387,111.092476,104.05009,71.75299,77.99804
111.71065,124.78732,79.85023,102.57668,100.74333,81.694534,87.87032
110.29023,91.3976,69.3622,58.180737,45.609142,139.8597,125.67087
93.15585,85.373245,65.04755,61.042206,50.457924,137.60846,152.32071
58.81971,68.73999,69.54108,81.47274,79.80029,122.58868,80.76482
76.72937,79.097206,62.74977,66.67356,66.56245,113.78251,89.01847
30.225607,40.530724,56.1733,128.08221,101.90004,155.67152,139.75682
121.766594,109.02898,82.48496,46.8224,42.131428,117.09095,89.424835
78.4585,103.29141,35.354774,42.277172,38.512554,124.60446,144.68367
148.05684,145.64618,94.89553,174.51208,153.06578,118.50976,120.2636
156.06772,153.61316,95.93816,178.66779,154.31395,136.2119,141.31812
149.1672,132.78532,86.9081,60.9739,55.374596,106.35737,97.98309
136.45178,128.50996,80.48453,60.432014,48.198765,120.48952,107.20591
165.01595,134.74847,49.250107,156.20299,158.63745,71.12672,138.15422
159.63068,153.34927,51.92926,59.68696,68.102196,147.24054,156.98875
126.17875,121.51674,59.084538,144.74855,160.64767,175.69559,160.26778
122.59882,124.456566,65.79562,144.10338,157.59671,176.75401,162.39888
85.605225,129.70372,18.192734,165.29407,135.77855,52.542732,150.86795
95.22835,88.06072,79.33336,151.63042,149.57524,96.36638,99.74004
137.03523,146.51503,89.0543,47.557186,62.559685,148.98915,106.83291
58.72233,47.952534,85.041115,168.8364,158.41263,116.442116,136.84018
34.57497,71.30276,87.874725,164.08163,157.72908,102.42502,131.4711
25.65129,27.246662,65.654625,106.01744,68.9131,118.17122,104.02177
114.72503,113.32993,80.228836,60.32092,51.273685,93.76463,97.74085
19.524923,6.638516,61.432774,159.14966,149.0991,114.74565,97.903946
33.652855,21.782637,27.048271,129.40306,125.13502,163.23705,145.59824
13.458581,18.620235,21.198135,127.2453,138.2995,122.31968,102.96206
53.923042,39.32559,89.82891,113.02421,94.20282,78.42465,148.99142
43.864647,59.24681,64.91548,42.807243,38.49212,97.301125,116.13364
72.27776,91.51521,68.96137,69.536835,71.24939,85.815636,109.27932
23.816381,95.13208,46.488483,98.71592,114.69015,5.4470115,47.293472
31.625439,18.269484,62.58539,31.479118,38.355995,76.44547,111.900215
25.938364,16.594427,73.55992,45.15252,50.406845,93.84431,80.694
86.21743,64.121544,41.51919,152.56392,129.54726,112.136246,113.0817
13.873475,3.5432014,44.73471,91.21511,76.073814,116.966896,37.530365
87.35715,51.135643,70.16485,63.626717,66.71,32.4907,58.485954
79.900375,45.30053,88.26737,77.53809,84.75384,85.68669,79.560646
83.969505,82.60522,55.375446,96.7223,73.872536,91.819824,79.98601
71.36312,91.41974,99.79038,160.32619,59.41619,150.06227,155.5689
101.61548,61.29204,48.20914,104.95188,103.487015,109.36721,127.98078
83.5479,89.794586,72.3643,81.78841,56.318314,121.34271,112.52699
43.772064,49.219265,126.13938,59.880264,36.145016,107.45023,101.32282
21.870867,24.020538,83.30047,68.11458,75.24267,141.5313,93.44379
17.219234,40.48838,92.20836,137.25935,98.73968,80.579094,48.72028
53.96328,76.90501,135.12344,62.592537,25.66899,106.72994,126.010216
20.97112,30.17558,88.27209,147.23434,99.749,94.36207,59.530685
153.18861,148.97678,78.49248,153.32431,93.347145,153.89236,139.53992
9.915304,23.247053,81.689125,79.39486,80.658905,78.492355,113.09629
167.4949,145.64891,76.81714,142.84375,94.26296,144.165,124.42096
99.97012,111.85033,66.54208,90.94229,97.25879,112.52633,156.26671
14.474586,29.984802,83.176735,77.692924,81.828476,93.50304,119.475494
150.4615,152.54329,10.715183,162.46619,161.71729,165.31024,154.84381
91.67341,115.88276,87.477295,91.21361,91.721504,104.55285,152.65005
23.668541,21.047976,25.462172,84.09535,75.53635,67.78453,79.1745
135.60951,138.62381,10.266359,166.99452,166.97725,149.52573,141.62518
88.580696,106.07552,84.05458,98.543434,99.4092,78.48991,105.532104
5.6579013,66.56588,100.432495,66.50009,116.95485,123.59999,129.66797
64.71579,39.93319,47.028275,95.53211,100.19768,108.75209,66.266266
19.339947,43.106987,24.86943,121.8588,90.20093,51.23898,74.298386
95.263664,107.32284,68.21055,99.67329,87.93327,83.89571,75.49629
74.72583,51.186893,62.427868,76.66265,59.687294,95.0711,48.501736
129.5687,153.9321,70.950775,108.26566,172.4576,156.37143,117.987495
63.88946,94.83065,61.662468,76.49945,72.56254,69.98029,61.63195
40.049644,9.724624,53.75061,117.641205,82.80181,119.30115,74.44049
36.05183,24.210226,43.36553,95.494606,93.293755,130.42094,130.323
82.52425,70.59417,62.25672,89.163536,86.14052,43.65996,98.07708
62.84209,22.197943,65.2806,134.74051,101.357185,108.2665,72.180565
64.736824,19.33952,146.37987,167.7558,150.20093,107.96037,117.98636
81.866585,76.63463,57.095245,75.616455,77.556,93.9709,143.86684
151.88962,156.48117,39.142662,90.06479,59.643044,132.52611,139.68343
89.8999,99.392296,64.913414,76.6365,89.10185,115.17112,107.64741
20.85049,17.338118,76.80129,59.693394,41.91974,97.367485,89.6447
81.9653,67.35039,36.02091,125.43907,119.8386,159.58476,135.25601
61.196888,42.5757,64.2155,124.329254,114.44405,112.24611,122.22311
60.070175,61.66883,75.57664,78.213234,64.853584,129.42926,133.6617
80.03105,107.506424,71.08897,54.8951,54.064995,83.051025,87.147285
87.88907,104.63951,76.1566,51.78103,60.449657,101.43524,103.41734
74.91895,85.9087,56.09023,163.68646,167.05334,125.47875,117.72308
27.86845,14.997147,27.029728,71.47756,75.12232,95.97469,151.9391
30.98862,50.183697,56.144154,106.76524,79.40248,134.58868,103.285255
78.32205,36.01449,60.952618,67.19686,56.417114,114.06549,96.25151
50.7979,29.615238,35.261864,69.69842,59.585575,155.6349,100.60666
158.99942,133.19072,72.04058,154.14137,159.0103,130.5057,143.32495
99.15965,73.96958,81.141014,153.23305,75.17443,73.19263,107.30143
121.09621,90.17753,118.81412,139.86641,175.9853,114.19802,92.24608
139.66405,84.856735,85.43932,169.89148,157.88068,138.25368,137.82748
39.624462,88.8216,98.793396,55.188694,38.135727,121.622505,149.7021
166.49112,100.41421,52.589138,141.78264,137.68826,132.07542,143.34308
49.258442,66.16124,116.878456,57.320137,42.912697,142.13695,135.56415
103.33102,47.76369,130.76935,44.76414,31.799263,109.29084,90.56209
105.36438,170.19653,48.41762,115.30491,143.08975,160.21864,149.82343
65.603745,99.4143,100.00832,138.18271,123.73594,104.607376,111.66661
106.02955,114.3103,85.73222,79.374146,74.5001,99.24208,108.36903
63.025932,87.38022,42.566143,126.973366,96.61936,115.45279,128.11115
61.758987,95.98404,104.66318,15.51707,45.510803,69.89232,124.5955
41.525093,46.30717,61.47809,154.60735,160.28516,99.299835,48.42921
60.69238,43.710114,36.679638,155.07625,155.18878,111.78692,62.27097
161.42378,111.55677,104.568825,69.40236,89.97302,143.27977,104.12645
11.670998,26.801468,28.815037,102.99265,78.5728,116.00448,104.27003
36.573208,70.14554,42.428154,95.96538,101.04958,116.535355,104.95172
41.234314,65.85433,76.01198,90.32476,78.21843,137.01817,148.08975
52.98363,78.47174,72.3954,52.10303,56.060116,139.30942,153.37189
74.61949,43.534027,115.78492,68.61912,121.738525,147.6582,125.46109
92.71067,73.06514,102.0536,55.479504,69.46591,120.00939,99.75067
138.03003,149.26462,77.84648,60.328335,60.993336,107.72307,98.45002
98.86424,22.97209,90.06706,51.3469,60.003822,145.3968,96.06078
48.28214,65.115715,84.51948,39.087353,13.137988,117.772156,103.25313
62.1591,65.240456,73.0947,80.458015,106.961426,142.42249,167.47575
141.21109,126.46683,105.152145,96.96488,113.78747,97.17542,102.55225
141.50368,124.55891,99.6947,42.83245,46.673397,134.8394,100.43522
36.879356,36.416344,62.838264,91.499306,82.67604,128.69807,94.98075
6.3555984,21.60629,82.97068,75.99515,76.30546,116.95225,116.12351
40.183704,80.78583,112.8873,42.159332,20.80945,100.1206,133.87904
82.74923,65.45918,20.263584,171.14545,165.51764,141.3895,112.39089
72.893875,34.79823,143.17921,26.649641,112.38631,144.77254,109.481926
73.15264,46.204437,92.81254,17.440748,44.739586,105.15537,102.32243
117.28315,41.14969,80.547356,48.324776,62.19481,47.323006,96.792625
83.88743,88.11524,45.99561,92.99607,68.73042,81.75276,62.82271
80.45806,61.771328,50.180054,66.56891,39.56657,96.848465,160.84462
31.541794,72.77317,73.71619,61.87088,56.53764,114.26909,127.50135
67.378525,72.89778,114.08339,122.57403,169.42148,157.9837,137.4867
57.04719,33.571686,71.44619,164.31094,129.89185,90.68817,128.57208
18.06969,17.177319,58.63137,131.44435,123.56154,131.18852,145.22116
25.481815,67.67497,72.83297,50.467136,61.706116,116.92178,103.97961
41.826694,24.303455,43.20682,142.56197,169.35962,44.762867,98.828705
57.711838,65.92636,24.592672,98.4815,114.35971,122.432205,109.82258
56.12419,64.70999,140.5205,117.91161,85.497925,57.623707,61.595684
56.94023,48.48795,137.97336,127.09385,89.79825,53.89534,73.872986
64.642815,54.06916,45.94959,66.92668,67.82151,118.74045,52.31983
67.601715,99.2997,97.28297,107.11434,56.512653,127.85535,75.88656
104.601425,122.134125,32.2177,45.986534,31.674532,65.58171,130.7174
47.362762,90.950165,33.934486,56.553925,43.897675,51.00837,97.29641
51.375626,23.352137,125.13244,103.65559,125.50756,55.248394,49.046818
120.660675,120.34583,22.621386,25.781784,24.09625,116.40772,123.817856
58.495647,43.78781,18.907333,60.33577,61.560585,160.65181,125.04135
59.930496,19.28849,105.81975,25.72034,93.802216,163.88086,153.7267
33.471558,35.439915,21.593248,26.968674,24.140675,137.81491,152.09204
77.74207,79.011406,35.50344,69.25522,82.68669,115.988594,65.60046
39.497856,55.666363,36.043316,69.87283,64.46839,116.19861,131.27776
85.60555,82.76215,21.993773,56.769485,42.04167,121.34625,136.29079
36.933895,50.32908,37.175552,83.00343,83.09105,109.25425,130.33945
133.8608,119.86577,64.15248,131.44164,82.8659,62.60074,106.010544
116.28013,130.141,36.57469,52.19388,67.09665,160.59738,151.12689
152.461,140.87146,109.15154,65.67472,79.09377,91.94538,96.89471
142.77115,125.82696,122.68062,57.621445,76.34528,130.71982,117.3296
131.58826,106.602234,119.23385,59.30172,84.6662,128.95181,109.282715
124.26875,124.91616,34.30347,32.956837,31.471977,154.55753,148.93971
86.96452,88.534935,40.963768,40.220127,40.117176,169.79306,153.19666
112.97718,125.69397,46.638126,37.637154,25.884756,149.65077,143.71295
83.2927,96.09442,99.96553,147.23543,109.35037,84.068436,108.92367
112.69556,82.86918,79.10162,33.849846,37.66387,100.28349,128.5333
114.2834,72.4246,76.573296,31.012833,35.35966,106.463905,117.45926
142.10138,111.97481,60.35831,41.77951,34.29803,176.77368,164.57727
93.94134,95.72736,20.221529,56.31931,56.325016,125.03022,121.13594
112.20107,118.62345,35.48182,65.768394,43.55756,132.78905,138.56891
34.13628,6.3694687,116.179,115.99959,113.10871,96.33,123.43425
114.35606,136.19789,136.17087,126.93774,54.18434,96.905876,136.91202
110.83487,155.87402,98.979225,142.24057,114.62955,112.290855,144.42076
82.39477,80.00721,35.882442,39.995777,36.5389,110.15405,107.413605
144.1856,125.853714,54.543808,27.201628,67.92507,161.87012,152.47412
105.33009,96.29797,49.709236,19.895555,51.458057,128.83089,92.97274
76.80862,60.99784,54.645405,58.674408,69.543724,93.30512,87.57904
70.26279,92.70672,25.538359,45.533714,51.2188,114.01479,104.98397
95.9973,116.89504,20.573837,43.082226,44.64983,120.05136,122.86473
49.39593,48.827908,103.04295,131.2061,164.82942,82.40031,77.15769
50.82787,51.889946,26.673552,51.398388,57.356285,104.36044,114.857155
140.1791,128.17802,110.516106,100.729416,122.085976,86.59991,77.60932
74.64103,47.486122,147.0064,81.793945,88.532555,65.430855,107.75905
15.358748,40.418926,80.3483,70.34809,56.19993,82.74937,114.35522
18.191767,48.841953,74.9595,86.22019,115.84969,108.311714,117.98268
46.636093,42.937626,13.97845,48.499783,44.105396,98.91456,109.10258
51.262215,76.426285,143.26436,77.88738,123.8692,38.306038,140.17621
37.118374,34.966675,15.727057,51.45092,46.562546,91.06355,89.14951
74.57219,62.83694,127.60184,41.660736,106.14492,80.54463,89.003174
122.87752,125.03886,14.847679,49.576073,44.084564,126.711914,127.166504
66.56768,58.274647,125.80433,60.44464,103.80314,87.46246,100.149315
19.94627,18.726377,31.683348,47.73653,39.125805,100.87412,54.380585
117.4391,113.28842,96.63435,91.96251,111.21914,121.92572,92.97031
32.387318,26.196344,50.788837,138.25172,112.87656,122.22127,107.85156
64.48114,98.60694,107.222664,121.61991,99.56879,108.10635,126.37689
64.9254,45.708473,38.729134,50.765015,62.504734,100.77433,72.60444
69.433235,69.56236,15.902536,69.63695,70.265755,149.26434,147.42659
61.635967,57.28506,31.185633,43.634193,49.8454,104.19405,97.70747
99.40974,53.906685,132.89459,66.70958,134.17932,107.5157,90.55671
110.663994,58.022686,132.9056,78.83042,153.25482,136.81122,104.06117
121.901566,122.156654,29.684748,50.906364,47.959454,155.08038,160.03795
109.987144,82.09729,31.250525,56.625084,57.473904,90.58507,129.76813
101.56565,109.84204,30.196535,44.49705,46.61645,130.42316,147.19127
100.94562,97.74361,23.168629,35.494003,33.97187,123.36531,121.320045
131.68114,145.63628,27.995686,37.09465,37.061256,144.31616,161.16362
47.791706,96.569244,125.56306,162.24792,122.586845,101.77483,134.8239
21.428036,27.509802,48.83217,133.03511,96.20708,130.78246,87.00022
25.206982,69.30529,115.958176,151.01898,95.24214,111.18885,122.360504
2.41853,28.617165,120.11988,48.246887,92.70428,148.93582,144.864
103.264015,107.565285,18.950644,20.292974,34.43295,164.96584,156.2608
49.37384,36.314537,42.334534,73.819466,63.51122,83.92924,90.88723
69.077675,102.16496,49.125668,65.90812,60.397083,25.41247,109.50217
123.45658,67.37481,33.44966,62.014206,44.290455,130.53577,116.29657
94.643814,48.262024,48.34127,31.520437,33.112064,90.98909,135.34564
128.15364,82.23488,27.12962,55.127945,40.569206,136.93497,125.73152
24.572548,65.46581,133.4927,41.908707,35.39051,110.24255,130.13164
64.623,61.958824,21.52566,27.927094,21.855566,57.761345,54.628296
38.328213,52.143288,84.69231,134.92073,146.15451,90.51649,76.53503
49.45806,75.98219,103.65659,116.109436,143.06216,95.103134,134.18968
60.130566,58.958538,23.960857,31.318478,22.195408,74.05476,74.57071
47.665573,69.12772,118.16151,51.12518,50.985504,67.23666,93.84289
46.092407,73.7875,83.70735,51.261982,31.903208,78.9264,103.104034
124.00574,124.14298,27.921534,43.179855,27.249313,164.89249,125.519135
92.71689,77.50867,83.17011,86.768135,92.05642,113.81568,98.23044
104.54635,69.96465,61.9016,66.50028,67.59302,130.41096,87.74894
14.38717,40.626347,49.23806,50.87507,47.728683,130.73778,157.9399
109.01918,121.773056,30.812927,48.074425,31.015099,145.3034,135.75424
97.73003,93.08518,26.858404,54.194298,50.43567,151.81679,145.95355
124.20059,113.89972,131.50809,72.47911,138.79524,97.607864,93.22493
118.79927,114.33818,26.997791,38.085896,39.15125,153.44669,156.65878
127.71539,124.7223,28.953087,35.500523,32.541584,164.60294,167.98512
129.45638,140.08685,46.377277,35.812588,38.873913,133.48808,160.24939
43.51876,88.14198,47.53652,53.53699,30.210512,79.59782,117.51202
142.18204,140.55478,113.92133,60.21842,42.061954,122.56345,121.75055
68.999306,66.728165,23.193783,55.74704,60.01346,152.89542,153.16797
118.19804,106.54448,31.634882,64.33314,57.585407,132.90128,161.99043
106.286964,125.53297,71.83047,32.90458,14.090907,134.6209,146.88184
85.878586,88.230995,27.029352,37.30232,38.08172,119.737526,163.42221
67.5953,15.296701,120.266945,101.246315,119.316345,163.29973,134.75906
105.0732,97.21208,68.64095,30.05766,55.078213,115.70818,160.35924
105.345215,89.39419,61.672085,43.679317,66.3816,116.617836,153.29651
90.471436,120.10225,127.75446,132.24506,77.54609,91.08333,125.85816
86.44224,99.40908,137.9024,132.92105,54.745975,85.094795,104.12211
55.357353,58.604984,80.56124,52.40132,135.6828,134.88625,156.00854
43.390823,37.88401,72.95276,124.11328,87.32015,136.4428,138.35326
36.143326,37.479862,30.72338,33.320244,29.203016,121.80158,73.96809
134.79842,136.60945,18.732666,43.60676,45.097446,160.20305,160.64961
123.400345,126.32215,19.600805,44.793095,46.246563,163.3117,165.69466
131.88492,133.48866,18.563564,39.673267,39.78092,156.48053,160.14929
83.35864,87.52965,33.40122,66.82276,51.342648,151.94159,158.4247
89.50875,88.96979,42.93922,70.49054,69.99451,150.12509,157.74481
86.22576,94.35315,66.67277,51.41293,31.673557,152.44804,161.0785
88.81901,95.69594,50.245857,46.123882,35.81842,144.71211,145.54594
89.11104,101.23413,57.050198,54.72539,33.650177,152.97908,162.7047
78.925476,67.21346,53.729164,48.628838,47.331318,132.19823,128.36862
105.333336,72.2834,52.83823,50.218445,55.74701,130.8617,94.34012
106.24467,79.30093,66.58007,91.39418,84.23852,126.915886,99.7251
101.56319,71.15146,63.42781,95.485855,84.93142,126.22041,99.11739
146.92691,151.53387,26.33434,29.333584,25.377964,149.7909,141.9843
75.42579,72.971924,30.970396,47.360992,48.45109,89.52502,89.36152
124.04155,132.43015,99.95184,169.11536,118.88447,112.2032,125.23886
123.99866,132.96487,100.05992,160.84035,119.78942,120.007744,132.03421
119.52901,131.40681,98.94858,164.7129,119.387375,116.89579,127.84928
120.4916,125.31226,101.98762,134.25766,120.92393,111.602615,128.90558
115.62411,127.508705,94.29421,123.715744,114.95094,109.45651,130.72076
72.829094,48.597576,89.038315,72.03742,89.32096,160.74055,134.30618
86.17396,68.77144,67.25652,74.419876,72.25409,120.79705,99.85064
80.58035,53.08729,85.0311,83.63439,89.89151,137.75826,116.188095
62.16551,40.564617,7.6699004,161.35756,157.32268,131.02202,142.29172
17.161898,41.717377,56.55631,166.7967,175.40544,133.13026,163.80927
83.99369,36.445126,29.42742,155.70494,159.75511,123.88762,26.526384
11.953218,40.161556,64.04388,169.60715,175.05286,138.6693,162.56757
44.612785,92.49203,61.205254,161.4906,161.38992,54.9579,128.88095
49.339394,99.00265,63.40971,161.9804,158.30838,87.05889,140.87608
57.287983,44.43179,104.47955,170.70349,149.85406,132.36302,71.67098
40.37056,51.13347,100.1111,172.0488,160.5583,119.84838,90.9682
51.904587,69.09501,75.48183,146.99197,156.63498,40.264244,128.18837
59.971172,101.65249,29.140757,138.46071,115.98616,146.50977,147.73715
38.286522,38.98405,53.07344,159.8712,167.01529,50.477192,161.98833
41.91763,49.27752,23.957897,132.79791,131.09253,113.291275,125.2553
136.25244,100.63151,31.472784,168.27505,176.70163,173.25937,170.11542
29.564457,23.85686,47.840504,133.19864,119.3892,68.69509,127.39269
51.878006,22.26942,48.71261,124.256226,101.24571,127.69249,132.70668
167.79927,142.74864,45.525723,157.73282,161.84958,140.6445,144.23074
56.87551,54.423187,51.077785,112.49646,80.21593,131.08011,130.1098
46.497982,58.170826,31.477835,148.22636,153.72073,105.881805,111.477356
151.84818,156.41655,24.960436,118.40254,104.18036,108.83482,130.40599
20.452091,38.90614,78.76042,160.69836,152.86624,104.008095,146.93779
150.14659,163.26266,24.08514,100.149734,86.04187,119.873665,133.88391
46.435883,75.287926,59.72753,160.07921,161.62973,172.42787,152.3304
43.79155,27.048943,73.51992,143.17905,134.62749,174.58994,130.51836
19.193775,10.050195,24.233875,75.13714,67.672356,109.490974,121.03329
16.60327,39.24256,60.104595,143.1527,116.886536,118.65501,142.56955
10.516559,39.91067,62.213596,171.02856,171.42029,128.97212,149.94656
102.90839,79.2041,65.1485,171.57747,163.93408,90.94532,78.182076
33.967243,46.376804,17.521927,170.27257,175.4091,89.87395,109.33415
128.59508,101.52667,84.53152,161.18076,171.95325,117.37979,169.47324
133.00162,112.30715,98.659935,139.19844,171.65407,173.09337,167.88463
53.500175,56.765274,28.341337,119.08107,129.50305,118.00094,116.584045
136.89142,118.0015,91.36667,167.55505,173.00131,169.1955,140.13626
156.79886,174.69873,101.406715,175.08177,171.44246,94.16441,117.907715
8.382133,48.698513,69.87047,172.73015,175.61472,129.42328,156.38382
12.275529,17.355003,75.79495,176.25739,169.65706,115.09011,122.488304
97.42182,98.191025,24.161303,151.94142,155.19695,151.46416,150.53801
37.97552,10.396137,28.042376,122.80872,131.58054,151.91777,114.956406
20.500008,55.098557,100.99328,164.86937,145.36852,94.31835,155.0587
36.102932,33.343277,17.405115,168.5695,177.6512,85.258354,91.98353
42.378937,69.12126,46.071552,154.87141,148.63892,115.003105,84.31608
13.0557785,34.69787,63.61868,173.09465,169.97856,104.49088,98.69754
74.72869,70.5087,33.328785,126.99656,126.69526,137.06331,138.27354
40.385845,15.380025,74.71091,176.99983,168.6184,150.99548,131.42378
15.454049,35.301308,61.89586,169.38708,167.7598,105.71418,98.0104
97.26414,74.72562,69.39021,154.695,165.59937,123.617165,133.80052
88.811134,89.058136,18.988163,109.168945,110.38632,134.24648,133.52025
92.46222,93.142044,23.93754,140.76381,141.85382,125.373344,126.4127
35.622437,50.090252,58.25303,171.57571,161.34952,135.26909,134.06729
19.382414,21.736416,68.13063,166.76865,165.46094,169.98514,113.01712
42.165783,66.72436,9.046573,172.98103,167.27847,124.02974,142.67523
14.823916,42.63511,58.645607,169.83731,172.08821,135.3478,156.26584
91.75572,92.161415,34.928288,130.1574,138.78949,146.83675,167.75146
97.629585,101.13622,66.504005,158.22955,153.0402,154.74379,169.49991
11.436952,16.121725,30.507883,140.9183,133.27931,124.26705,128.9193
55.0387,16.955414,88.9743,158.26645,163.56557,148.75845,122.1293
130.9162,44.001186,70.79239,160.39081,149.30394,142.61684,68.21533
56.59022,50.643215,79.540634,172.05019,170.57005,48.59194,38.429325
100.03896,104.55812,43.15564,98.60908,113.088524,161.53435,165.01413
49.412567,14.595954,56.445526,177.50032,154.81796,160.31499,153.0535
151.38748,143.47777,41.699364,135.06229,146.60188,57.01132,105.1423
43.458275,62.81787,22.270933,122.34033,131.0991,105.260414,119.229454
88.69251,93.71688,39.61827,130.46683,136.01025,110.32506,108.27992
153.59933,147.18413,41.574814,127.47743,140.66959,161.8364,156.00676
50.4386,43.70103,25.755125,150.56738,152.47876,99.07956,89.84416
19.632442,13.678175,70.30967,172.4394,178.77039,96.03352,110.87242
28.0684,20.938437,47.125854,155.94429,141.84163,129.50969,126.658455
28.492731,17.631805,74.85071,171.21193,173.14766,87.296646,109.07169
62.701595,64.98424,41.145897,148.19785,131.74635,124.910286,127.84596
173.85947,141.69147,62.17072,146.30522,158.2021,141.64792,145.5923
110.80614,90.60533,67.378,159.306,161.90063,123.07869,166.40002
101.199394,84.56509,47.905735,127.6133,122.90127,135.27669,135.59225
70.77815,61.821568,36.520756,135.56511,138.56998,98.78859,99.79774
11.67697,28.488787,58.53044,172.41765,171.3749,95.21586,91.89112
50.011005,52.471798,31.849173,137.56322,140.1137,111.412704,110.691536
21.003458,20.444983,113.25264,73.90786,143.84138,174.85533,159.43552
23.030132,64.29447,70.152245,171.91689,173.58282,83.427025,120.94487
24.203283,72.020706,73.03246,174.69122,172.30426,65.77301,132.40239
48.996365,93.378075,33.212265,106.59524,109.81503,128.16899,148.03174
42.42835,48.2436,28.4291,176.60332,171.5333,148.96567,173.66971
87.45761,114.01739,37.97153,129.35248,118.314156,128.78746,148.63034
66.6132,126.82251,123.72922,170.18222,112.60871,140.20094,113.95964
17.497984,27.046654,35.53816,123.72974,140.53996,115.29853,124.42249
7.6051617,35.86305,65.381454,174.32103,166.86641,134.23549,157.1066
43.859993,19.941452,82.96037,174.39381,172.84682,159.2212,143.7108
11.529599,13.505644,30.921988,136.5429,145.46655,128.22472,109.23314
30.80042,19.641718,75.9898,144.72787,159.85832,164.3564,102.59391
87.89062,73.05678,66.50763,53.6932,55.635216,148.86142,107.961426
8.170525,64.17274,37.670544,153.43025,159.18005,67.63066,130.8099
15.531102,45.913116,70.00468,168.18417,166.41417,113.679855,169.99677
18.043144,11.596607,62.804214,154.53156,136.1613,142.9871,159.67555
18.041039,37.8686,75.51097,168.81767,171.37753,117.14552,165.9761
20.027822,16.7492,33.322235,140.3132,146.56621,123.04651,109.64535
46.35115,28.160519,82.89753,153.24988,167.41626,169.30563,103.95501
46.55901,15.699136,72.31441,154.71132,171.07439,166.2232,115.53562
97.41924,99.979805,35.01926,135.28302,132.14429,102.27013,121.72303
98.676056,105.27781,44.3719,132.0811,124.33518,102.60922,151.72629
17.147877,12.137426,27.995737,105.992516,85.675125,129.7387,115.32489
30.722837,37.469925,39.566677,167.68619,167.65013,68.44196,35.128384
102.09281,86.7155,39.536667,156.24333,139.20566,133.2884,116.27003
99.003395,69.86826,36.99595,108.53387,114.81826,91.823555,70.82974
97.49075,115.303444,74.24209,170.4966,175.90654,88.5554,146.9114
97.6656,110.800354,69.817566,172.12694,176.3937,107.19136,109.48256
9.09698,13.969439,40.06462,144.70477,145.96277,113.479256,123.14489
39.75615,41.316505,61.491875,163.26445,155.97716,127.90059,137.15053
168.17499,158.11546,46.007416,81.746086,76.168884,172.54973,169.03444
71.020996,70.257416,31.382826,147.15256,139.57573,104.76179,106.97101
46.499527,50.98134,26.060987,147.9719,150.06288,96.90452,102.32785
49.607395,52.416855,25.499249,145.7841,145.3932,97.81645,102.6291
58.30366,75.40928,41.67257,139.40324,119.02465,143.90668,131.96916
19.586367,43.99823,35.767845,125.84458,116.21747,119.13872,136.98857
78.75468,74.209496,38.02979,134.68341,130.76018,143.21098,141.23799
79.06303,84.28899,36.38495,143.39404,145.89,138.21185,152.5682
70.473816,82.92329,43.630074,144.57086,152.66798,127.85334,155.87993
48.410816,89.41809,39.09456,141.35333,149.03568,81.04194,156.91216
49.719765,31.581987,23.125437,159.21162,155.1582,129.09494,142.2684
107.48566,108.376945,44.541862,144.5595,162.05,132.41093,139.23866
94.72155,95.958244,42.43744,152.18886,167.71294,122.48648,126.221596
99.10556,89.322754,60.73452,145.47446,166.74225,139.8362,136.58331
155.15831,152.43208,22.162956,136.85564,137.65317,146.92886,143.32483
151.8161,157.33087,22.126812,138.01762,139.53247,146.87073,151.93402
44.58013,55.766315,51.36271,178.32574,175.29114,16.940577,85.43352
60.182644,50.920452,43.436672,172.23692,175.02716,104.237816,126.24281
36.399113,42.333324,40.372612,169.21526,173.49619,80.69211,82.12399
78.34344,86.145386,46.977745,153.30383,146.60323,113.27107,124.05103
56.447514,102.442055,44.25724,162.90755,148.46492,84.53169,141.0354
42.81541,41.319084,21.271353,113.96109,115.52617,106.43181,101.549545
54.810818,52.679817,27.37105,118.335976,117.04155,110.85524,102.34595
37.813953,43.155937,30.078474,148.38217,138.7265,84.99138,133.61877
15.484433,43.29665,62.767693,171.9979,169.08319,128.19432,141.1414
10.315426,49.259552,67.87446,174.7007,170.3049,132.64557,157.69308
10.683161,48.460533,67.95556,171.80005,168.05833,132.81412,153.58427
14.0778055,49.473843,55.07432,170.38176,167.91943,132.1193,149.91737
11.22281,50.688644,64.969055,173.07481,170.76245,132.44768,155.4106
8.983974,48.208565,68.27576,173.90807,167.08818,135.03252,152.8454
88.23552,65.75651,50.746582,153.89166,155.70442,127.243515,113.52492
75.96713,58.247128,59.34141,164.50053,169.30238,128.314,113.97117
100.98635,78.37891,37.588985,158.6876,158.54123,136.7492,119.12557
60.776245,54.604187,16.760159,174.98181,175.04765,151.98814,155.3692
99.66687,77.76026,14.993479,168.93723,178.18584,138.9139,134.48112
